gbifID,species,countryCode,institutionCode,decision
859263854,Artibeus lituratus,GT,USAC,
5099444239,Artibeus planirostris,BO,MSB,
859263861,Carollia perspicillata,GT,USAC,
2630388025,Carollia perspicillata,MX,IBUNAM,
5099611353,Dasypterus ega,BO,MSB,
1894481756,Desmodus rotundus,MX,FCB-UANL,
4169278808,Desmodus rotundus,MX,IBUNAM,
4168975031,Glossophaga mutica,MX,IBUNAM,
1211820851,Molossus molossus,SV,ROM,
5099441205,Myotis albescens,BO,MSB,
85187429,Platyrrhinus lineatus,BO,EBD-CSIC,
4168615977,Sturnira parvidens,MX,MZ-UNICACH,
