species,Raw (elevation extracted),Within literature elevation range,Excluded (outside elevation range),After 10-km spatial thinning,Excluded (manual QGIS review),After manual review,"Excluded (environmental outlier, ellipsoid step)",Final n (used in analyses)
Anoura caudifer,654,401,253,137,13,124,0,124
Anoura cultrata,162,147,15,35,0,35,0,35
Anoura peruana,471,468,3,100,0,100,0,100
Artibeus aztecus,953,911,42,127,0,127,0,127
Artibeus lituratus,9452,9441,11,1300,7,1293,0,1293
Artibeus phaeotis,2924,2718,206,468,28,440,0,440
Artibeus planirostris,3588,3567,21,388,0,388,0,388
Artibeus watsoni,490,480,10,76,19,57,0,57
Balantiopteryx plicata,2190,2135,55,152,10,142,1,141
Carollia brevicauda,4723,4537,186,665,115,550,0,550
Carollia perspicillata,10341,10327,14,1082,4,1078,0,1078
Chiroderma villosum,543,517,26,195,14,181,0,181
Cynomops planirostris,124,124,0,48,0,48,0,48
Dasypterus ega,473,447,26,142,44,98,0,98
Desmodus rotundus,5141,5132,9,983,3,980,0,980
Diclidurus albus,37,37,0,16,0,16,0,16
Diphylla ecaudata,313,305,8,100,1,99,1,98
Enchisthenes hartii,346,346,0,129,0,129,0,129
Eptesicus brasiliensis,159,157,2,83,0,83,0,83
Eptesicus furinalis,472,451,21,147,4,143,0,143
Eumops auripendulus,69,68,1,25,0,25,0,25
Eumops glaucinus,131,131,0,51,26,25,0,25
Glossophaga commissarisi,644,642,2,202,3,199,0,199
Glossophaga leachii,550,550,0,136,49,87,0,87
Glossophaga mutica,4053,4049,4,526,2,524,0,524
Lasiurus blossevillii,227,149,78,66,30,36,0,36
Micronycteris megalotis,641,641,0,218,51,167,0,167
Molossops temminckii,314,313,1,105,0,105,0,105
Molossus molossus,4050,3945,105,436,16,420,0,420
Molossus rufus,1068,1067,1,192,0,192,0,192
Myotis albescens,745,735,10,140,5,135,0,135
Myotis nigricans,1898,1880,18,411,0,411,0,411
Myotis oxyotus,106,85,21,25,0,25,0,25
Myotis riparius,432,425,7,155,0,155,0,155
Noctilio albiventris,647,643,4,136,1,135,0,135
Noctilio leporinus,656,643,13,176,0,176,0,176
Nyctinomops laticaudatus,395,391,4,58,2,56,0,56
Peropteryx macrotis,707,693,14,88,0,88,0,88
Platyrrhinus helleri,1697,1653,44,358,157,201,0,201
Platyrrhinus lineatus,616,374,242,74,10,64,0,64
Promops centralis,70,69,1,28,4,24,0,24
Pteronotus davyi,300,300,0,77,58,19,0,19
Pteronotus gymnonotus,53,52,1,31,0,31,0,31
Rhogeessa io,316,306,10,81,32,49,0,49
Rhynchonycteris naso,572,572,0,167,0,167,0,167
Saccopteryx bilineata,1020,1008,12,254,3,251,0,251
Sturnira erythromos,1741,1553,188,153,2,151,0,151
Sturnira hondurensis,2467,2436,31,282,12,270,0,270
Sturnira lilium,3690,3427,263,581,429,152,0,152
Sturnira parvidens,4997,4873,124,660,99,561,0,561
Trachops cirrhosus,823,761,62,183,0,183,0,183
Uroderma bilobatum,1807,1758,49,388,176,212,0,212
Uroderma magnirostrum,259,257,2,112,0,112,0,112
