species,n_ocurrencias,n_celdas_disponibles,elev_rango_observado,elev_rango_nulo_media,elev_rango_nulo_sd,SES_elev_range,p_nulo
Anoura caudifer,124,46861,1383.8249999999998,1960.3939439439437,191.34168755273083,-3.0132949662893003,0.998998998998999
Anoura cultrata,35,12951,2075.6749999999997,2556.458808808808,396.83689982644034,-1.21154007860429,0.8988988988988988
Anoura peruana,100,37873,3276.7499999999995,3371.9483608608593,305.3859714591315,-0.3117312835491521,0.5975975975975976
Artibeus aztecus,127,49111,2164.375,2287.0704954954954,141.55211786254722,-0.8667867167811478,0.8088088088088088
Artibeus lituratus,1293,491986,2042.050000000001,2215.6869369369374,65.60612352452215,-2.6466574705032615,0.988988988988989
Artibeus phaeotis,440,167765,1090.225,1328.2388888888881,94.31592583253354,-2.5235811109091313,0.997997997997998
Artibeus planirostris,388,144996,1571.0749999999996,1728.6766141141136,113.5827353737285,-1.3875490284289016,0.9229229229229229
Artibeus watsoni,57,21498,1168.4,1191.2577577577579,182.76165928768697,-0.1250686705671519,0.5295295295295295
Balantiopteryx plicata,141,54400,1316.25,1571.898148148148,117.57687737502044,-2.1743063249820684,0.996996996996997
Carollia brevicauda,550,203273,2111.55,2518.4697322322313,125.04824430316373,-3.254101922820327,1
Carollia perspicillata,1077,403116,2080.2499999999964,2296.3849849849835,98.69055289253997,-2.190027096315161,0.98998998998999
Chiroderma villosum,181,67806,860.25,999.4787287287287,128.2143960254926,-1.085905585056503,0.8798798798798799
Cynomops planirostris,48,18131,781.9624999999999,806.2477727727722,180.59046967661484,-0.13447704530732021,0.5705705705705706
Dasypterus ega,98,38505,1539.6000000000004,1493.9708208208212,215.24390045869185,0.21198825649387432,0.4494494494494494
Desmodus rotundus,980,373227,2522.1124999999993,2623.252377377377,92.5859336333264,-1.0923892367703274,0.8978978978978979
Diclidurus albus,16,6093,148.9375,319.13094344344347,190.55373819909795,-0.8931519531021677,0.9309309309309309
Diphylla ecaudata,98,37622,1720.8125,2061.606243743744,197.73017826353217,-1.72352923937356,0.965965965965966
Enchisthenes hartii,129,48243,2524.7999999999997,2724.0006006006006,173.85067827394934,-1.145814342390461,0.8848848848848849
Eptesicus brasiliensis,83,31162,2810.7500000000005,3037.2056056056063,295.5463977958603,-0.7662269183264522,0.7857857857857858
Eptesicus furinalis,143,55316,1579.8999999999996,1677.0084834834825,175.9733845190675,-0.551836198120976,0.7157157157157157
Eumops auripendulus,25,9491,1108.2999999999993,1446.6379379379373,404.9573481489028,-0.8354903040641485,0.7707707707707707
Eumops glaucinus,25,9466,548.1999999999998,698.9998998998996,213.61677777150578,-0.7059365910911837,0.7517517517517518
Glossophaga commissarisi,199,75626,1592.5499999999986,1796.892142142141,147.1830454903875,-1.38835381114252,0.923923923923924
Glossophaga leachii,87,33204,1916.0749999999994,2020.7164164164158,194.29010802901547,-0.5385833456883412,0.6896896896896897
Glossophaga mutica,524,202416,1867.1250000000002,2028.827677677678,86.93812620176875,-1.8599742683939724,0.974974974974975
Lasiurus blossevillii,36,14053,1374.375,1756.147022022022,185.20371231853358,-2.061362686755483,0.987987987987988
Micronycteris megalotis,167,61975,2329.849999999998,2493.7961461461455,245.79469650161136,-0.667004408474178,0.7607607607607607
Molossops temminckii,105,40786,769.4,836.536636636636,141.6262857973637,-0.4740407916415593,0.6846846846846847
Molossus molossus,420,158595,1120.8499999999997,1400.179529529529,95.40735543189203,-2.9277567569612897,1
Molossus rufus,192,73707,1161.2499999999998,1285.5710460460455,186.78586886307335,-0.6655805752478064,0.7307307307307307
Myotis albescens,135,51569,1167.6000000000004,1441.9094844844851,197.18476380139109,-1.391129208952348,0.92992992992993
Myotis nigricans,411,155238,2120,2213.3644894894896,153.68597098057495,-0.6075017055479345,0.7187187187187187
Myotis oxyotus,25,9241,1414.7999999999997,2591.9121121121116,353.3379976801996,-3.3314053960805445,1
Myotis riparius,155,57866,1598.3500000000006,1987.8764764764771,214.51771080132775,-1.815824320618592,0.980980980980981
Noctilio albiventris,135,50469,813.0000000000003,930.4906406406411,171.73393685108587,-0.6841434069174074,0.7827827827827828
Noctilio leporinus,176,66841,404.875,608.1629754754755,102.52655264897389,-1.9827836811356014,0.993993993993994
Nyctinomops laticaudatus,56,21588,1255.6875,1498.5478603603603,274.0147154472658,-0.8863040802898006,0.7927927927927928
Peropteryx macrotis,88,33172,844.8374999999999,953.0676551551554,150.19561787180837,-0.7205946264526156,0.7877877877877878
Platyrrhinus helleri,201,75059,1391.5,1837.6061061061062,148.44269169679296,-3.0052412887885143,0.998998998998999
Platyrrhinus lineatus,64,24892,648.0500000000001,710.5316941941941,57.1413571200919,-1.093458352115763,0.8738738738738738
Promops centralis,24,9198,1411.9250000000002,1473.57220970971,322.0677731743363,-0.19141067453631883,0.6506506506506506
Pteronotus davyi,19,7107,425.4500000000001,503.9331831831833,183.4875490327002,-0.427730293400978,0.6326326326326326
Pteronotus gymnonotus,31,11570,820,945.7059559559559,285.9410738048828,-0.4396218923124479,0.6596596596596597
Rhogeessa io,49,18122,1037.7999999999993,1256.0681681681676,237.26292909511426,-0.9199421460428348,0.8248248248248248
Rhynchonycteris naso,167,62289,621.2999999999996,846.6821571571568,128.2131150743966,-1.757871314696453,0.973973973973974
Saccopteryx bilineata,251,94088,686.375,894.2502502502502,101.6105438620191,-2.0458039328333104,0.988988988988989
Sturnira erythromos,151,56406,2315.375,2813.194944944945,182.08272413267855,-2.7340317282500535,1
Sturnira hondurensis,270,104145,2601.7499999999995,2612.1465590590583,92.7070812683022,-0.11214417406767684,0.5345345345345346
Sturnira lilium,152,60629,1098.7999999999997,989.0869369369367,80.20239595102258,1.3679524378556198,0.07207207207207207
Sturnira parvidens,561,216519,1828,2085.218218218218,69.72260689513075,-3.6891652460026085,1
Trachops cirrhosus,183,68252,457.3499999999999,706.5239489489484,103.0839699097347,-2.417193955249659,1
Uroderma bilobatum,212,78771,1251.85,1416.9865490490488,144.8549668420424,-1.1400130257813155,0.8758758758758759
Uroderma magnirostrum,112,41869,856.2499999999994,1047.3652152152144,220.15701349243562,-0.868085972749542,0.8158158158158159
