species,n,niche_volume,dist_centroide_media,dist_centroide_sd,metodo,tri_media,tri_sd,bio1_rugosidad_media,bio12_rugosidad_media,elev_mediana,elev_rango_robusto,elev_p2_5,elev_p97_5,family,guild,area_rango_km2
Anoura caudifer,124,106931543,5.083667947,7.299383387,mve,31.80897177,22.44670928,0.424939363,48.42975089,685.75,1383.825,56.825,1440.65,Phyllostomidae,Nectarivorous,10515153.773272151
Anoura cultrata,35,189699084.1,5.528524406,7.936036153,mve,51.40892857,22.76727156,0.711128518,78.6342753,1118,2075.675,240.65,2316.325,Phyllostomidae,Nectarivorous,2422455.379384199
Anoura peruana,100,290446004.1,4.741818638,5.588287162,mve,43.683125,29.02182006,0.677586758,50.82130796,1523.25,3276.75,71.2875,3348.0375,Phyllostomidae,Nectarivorous,6388171.538952007
Artibeus aztecus,127,53837029.51,4.841089501,5.18811843,mve,42.22490157,29.7683707,0.702788719,26.44611589,1770.5,2164.375,681.575,2845.95,Phyllostomidae,Frugivorous,1319432.7333519545
Artibeus lituratus,1293,222729466.3,5.574449522,10.76537678,mve,20.04785383,23.09721772,0.29919774,30.01424475,270,2042.05,1.65,2043.7,Phyllostomidae,Frugivorous,19573599.799156424
Artibeus phaeotis,440,90835168.34,8.679690056,31.06603882,mve,15.67372159,19.82049185,0.213264519,26.95271664,106.75,1090.225,0,1090.225,Phyllostomidae,Frugivorous,4281882.982389302
Artibeus planirostris,388,130385247,5.105456261,8.359061881,mve,14.77013531,20.15335733,0.215549394,29.05051557,236.75,1571.075,7.0125,1578.0875,Phyllostomidae,Frugivorous,13854829.045335196
Artibeus watsoni,57,78456985.08,5.037247481,5.61342475,mve,18.90570175,18.56966899,0.258555661,49.45347913,178,1168.4,0,1168.4,Phyllostomidae,Frugivorous,862015.3515313645
Balantiopteryx plicata,141,13477565.04,8.547768825,27.91577584,mve,21.83067376,26.54427478,0.285545251,17.84388842,347,1316.25,0,1316.25,Emballonuridae,Insectivorous,1069676.343221709
Carollia brevicauda,550,190939147.4,4.841553573,6.472664525,mve,24.75659091,26.44108904,0.360415576,47.48349279,353.75,2111.55,15.725,2127.275,Phyllostomidae,Frugivorous,11267508.70370488
Carollia perspicillata,1077,224614605.65807775,5.2995573197289785,8.732560085562374,mve,19.794858402971215,23.40394827334224,0.2812295695879222,36.29266225403398,255,2080.2499999999964,3,2083.2499999999964,Phyllostomidae,Frugivorous,17821503.372457888
Chiroderma villosum,181,101681553.8,5.271631212,8.332827851,mve,12.1246547,15.58722447,0.158536107,27.18463512,155,860.25,3,863.25,Phyllostomidae,Frugivorous,10277349.978440223
Cynomops planirostris,48,69592804.58,4.632978316,4.78086843,mve,6.296875,9.943361044,0.088926837,21.53379232,136,781.9625,22.05,804.0125,Molossidae,Insectivorous,8924419.564306898
Dasypterus ega,98,53762722.35,4.702158325,5.710978769,mve,8.272321429,14.36955368,0.131701722,11.48203442,118.5,1539.6,1.9125,1541.5125,Vespertilionidae,Insectivorous,16851216.395361237
Desmodus rotundus,980,266919505.4,5.71012631,12.558333470000001,mve,23.09834184,23.85237395,0.349817107,30.13792176,445.25,2522.1125,5.7375,2527.85,Phyllostomidae,Hematophage,22357620.583080135
Diclidurus albus,16,19781695.98,4.282318529,2.966576841,mve,6.29296875,8.749098726,0.083194584,12.75356923,40.5,148.9375,0,148.9375,Emballonuridae,Insectivorous,8802813.216069708
Diphylla ecaudata,98,113482133,8.211210678,26.70294576,mve,27.56505102,26.2688413,0.406935853,28.40709342,432.25,1720.8125,3.85,1724.6625,Phyllostomidae,Hematophage,13359908.980445463
Enchisthenes hartii,129,373055220.3,5.074033127,7.196304929,mve,45.5629845,29.309998619999998,0.715263037,56.07107981,1361.5,2524.8,153.8,2678.6,Phyllostomidae,Frugivorous,7677032.470251186
Eptesicus brasiliensis,83,494562996.6,5.111023977,7.237002465,mve,28.82228916,31.26890355,0.42763665,47.1051017,772,2810.75,21.975,2832.725,Vespertilionidae,Insectivorous,14980193.643797912
Eptesicus furinalis,143,97566440.36,5.028333682,5.52421294,mve,15.52666084,20.67980806,0.233227241,24.87467703,169,1579.9,2.1,1582,Vespertilionidae,Insectivorous,19883510.514828034
Eumops auripendulus,25,60959505.68,8.4923418,16.38043498,mve,9.4175,14.20758169,0.122894785,23.16047529,229.5,1108.3,39.4,1147.7,Molossidae,Insectivorous,8368642.741876457
Eumops glaucinus,25,10367641.74,8.711464628,17.45586428,mve,4.4175,6.788152209,0.064391495000000007,22.34501756,147,548.2,26.8,575,Molossidae,Insectivorous,7393818.961103818
Glossophaga commissarisi,199,131741811,5.091858417,6.490796851,mve,23.43875628,25.53153143,0.371817592,36.69950103,326,1592.55,0,1592.55,Phyllostomidae,Nectarivorous,3951399.680197639
Glossophaga leachii,87,102518162.6,4.610381358,4.16242989,mve,27.44324713,28.63332244,0.430367704,30.84660329,558.5,1916.075,16.15,1932.225,Phyllostomidae,Nectarivorous,665830.3885435143
Glossophaga mutica,524,97359515.09,4.732820936,6.16363458,mve,19.66781966,21.57809105,0.296061619,22.52526455,262.75,1867.125,3,1870.125,Phyllostomidae,Nectarivorous,2857338.631907386
Lasiurus blossevillii,36,124454413.6,6.237734635,12.72944339,mve,24.80208333,16.21217782,0.388130202,33.54982714,893.25,1374.375,226.375,1600.75,Vespertilionidae,Insectivorous,10715459.632851375
Micronycteris megalotis,167,235969915.8,5.930862025,10.7291879,mve,22.96107784,24.47304445,0.323517261,39.42774433,286.5,2329.85,2.6,2332.45,Phyllostomidae,Insectivorous,12322440.862566857
Molossops temminckii,105,30132465.85,5.411195619,8.201356431,mve,4.820833333,8.566355229,0.069983019,11.73296383,149,769.4,42.4,811.8,Molossidae,Insectivorous,11307032.486961275
Molossus molossus,420,146331896,5.753904345,10.66762636,mve,11.82440476,15.70859878,0.163297368,25.50803993,149,1120.85,0,1120.85,Molossidae,Insectivorous,22668226.244200565
Molossus rufus,192,118121921.6,4.512959018,4.569566739,mve,12.27636719,16.92845834,0.157655199,23.4211205,108.5,1161.25,0,1161.25,Molossidae,Insectivorous,21173095.76526329
Myotis albescens,135,132488979.8,5.336057162,9.862644924,mve,11.68194444,16.78639235,0.142123045,23.44959448,196.5,1167.6,21.175,1188.775,Vespertilionidae,Insectivorous,14397578.327327544
Myotis nigricans,411,227012292.9,5.701570114,10.59379412,mve,17.3263382,21.31489661,0.248285978,33.68567268,234,2120,5.25,2125.25,Vespertilionidae,Insectivorous,19757937.547025423
Myotis oxyotus,25,149992573.5,5.404517054,6.072703187,mve,57.4825,31.70828296,0.779242724,62.56601059,2239,1414.8,1706.4,3121.2,Vespertilionidae,Insectivorous,2570132.427980518
Myotis riparius,155,223416479.8,5.274082965,9.646340641,mve,20.89879032,23.66377383,0.310960169,40.05445015,294.5,1598.35,21.05,1619.4,Vespertilionidae,Insectivorous,14268791.694101812
Noctilio albiventris,135,67745479.89,5.311643269,8.439287575,mve,4.772222222,7.838692908,0.064948333,22.36500868,113,813,3,816,Noctilionidae,Piscivorous,12097803.50398258
Noctilio leporinus,176,54575211.09,4.636511669,4.408131336,mve,8.154119318,11.28179218,0.113273713,21.31060144,79.5,404.875,0,404.875,Noctilionidae,Piscivorous,22972824.366502423
Nyctinomops laticaudatus,56,49306394.48,5.432292734,7.530560935,mve,13.24553571,21.10674257,0.200556643,16.9152817,179,1255.6875,1.125,1256.8125,Molossidae,Insectivorous,14922408.24596005
Peropteryx macrotis,88,93697367.3,5.91628424,12.07703105,mve,12.04048295,16.37560607,0.144438543,21.76599301,143.5,844.8375,6.7,851.5375,Emballonuridae,Insectivorous,15854056.768043265
Platyrrhinus helleri,201,348749565.8,4.329421446,3.767756296,mve,26.29570896,26.25658009,0.362384524,46.65855361,278.5,1391.5,5,1396.5,Phyllostomidae,Frugivorous,3516013.195053069
Platyrrhinus lineatus,64,7873855.704,4.735340331,5.708649241,mve,16.59765625,18.01849825,0.170190886,14.93789851,276.75,648.05,112.8,760.85,Phyllostomidae,Frugivorous,6483150.752876302
Promops centralis,24,99602870.94,4.752197431,5.186705688,mve,7.799479167,12.93305531,0.104959858,19.27104655,156.75,1411.925,4.025,1415.95,Molossidae,Insectivorous,12299363.873065136
Pteronotus davyi,19,39580019.22,4.557015782,4.642235713,mve,22.31907895,20.15984189,0.232891101,33.03964989,86,425.45,12.275,437.725,Mormoopidae,Insectivorous,3489006.015862069
Pteronotus gymnonotus,31,37282929.22,5.193643493,6.081139912,mve,17.82459677,20.62459229,0.215010524,41.11776316,111,820,14.375,834.375,Mormoopidae,Insectivorous,8134096.600137809
Rhogeessa io,49,58774610.93,6.712864372,11.96363488,mve,18.53188776,22.87506091,0.255091546,34.4584369,143.5,1037.8,15.4,1053.2,Vespertilionidae,Insectivorous,2122605.8765424723
Rhynchonycteris naso,167,58215022.86,4.720001056,4.38276667,mve,8.95247006,11.61969169,0.130735008,29.78789322,113,621.3,2.575,623.875,Emballonuridae,Insectivorous,14262306.260219784
Saccopteryx bilineata,251,70342601.11,4.976709115,7.236894817,mve,11.41384462,14.7983799,0.1518906,28.67715584,97,686.375,0,686.375,Emballonuridae,Insectivorous,14495320.483454188
Sturnira erythromos,151,233806940,4.955339686,6.691266181,mve,56.65066225,26.36324311,0.805778789,61.34341632,2209,2315.375,1175.875,3491.25,Phyllostomidae,Frugivorous,3307772.8280529184
Sturnira hondurensis,270,108606424,4.141273871,3.017910249,mve,38.60439815,25.04759458,0.63581609,34.44728169,1368,2601.75,46.4,2648.15,Phyllostomidae,Frugivorous,866100.8783439843
Sturnira lilium,152,11864951.42,5.101298626,7.291180008,mve,12.62952303,15.69542919,0.138421979,16.91253537,217.5,1098.8,15.2,1114,Phyllostomidae,Frugivorous,3919300.2455183608
Sturnira parvidens,561,87815092.82,4.394329252,3.570923731,mve,21.74688057,21.78280037,0.349698988,23.81853134,427,1828,0,1828,Phyllostomidae,Frugivorous,2610964.7630974054
Trachops cirrhosus,183,39208717.55,5.48450872,14.34116983,mve,11.65881148,14.49144891,0.143853389,26.28367762,136,457.35,5.375,462.725,Phyllostomidae,Carnivorous,14953405.603805548
Uroderma bilobatum,212,62792259.82,4.65014388,5.277107528,mve,12.24204009,17.82799513,0.181644059,28.52480007,232,1251.85,18.1375,1269.9875,Phyllostomidae,Frugivorous,8497080.332099093
Uroderma magnirostrum,112,36724733.28,6.686790491,13.92507225,mve,6.873325893,8.426949359,0.10152611,21.70814989,181.5,856.25,5.6625,861.9125,Phyllostomidae,Frugivorous,11082560.61438622
