Species (as used here),Tree tip label,Matching method,GBIF accepted name,GBIF taxonomic status
Anoura caudifer,Anoura_caudifer,direct_match,Anoura caudifer,ACCEPTED
Anoura cultrata,Anoura_cultrata,direct_match,Anoura cultrata,ACCEPTED
Anoura peruana,Anoura_geoffroyi,manually_confirmed,Anoura peruana,ACCEPTED
Artibeus aztecus,Dermanura_aztecus,known_equivalence,Artibeus aztecus,ACCEPTED
Artibeus lituratus,Artibeus_lituratus,direct_match,Artibeus lituratus,ACCEPTED
Artibeus phaeotis,Dermanura_phaeotis,manually_confirmed,Artibeus phaeotis,ACCEPTED
Artibeus planirostris,Artibeus_planirostris,direct_match,Artibeus planirostris,ACCEPTED
Artibeus watsoni,Dermanura_watsoni,manually_confirmed,Artibeus watsoni,ACCEPTED
Balantiopteryx plicata,Balantiopteryx_plicata,direct_match,Balantiopteryx plicata,ACCEPTED
Carollia brevicauda,Carollia_brevicauda,direct_match,Carollia brevicaudum,ACCEPTED
Carollia perspicillata,Carollia_perspicillata,direct_match,Carollia perspicillata,ACCEPTED
Chiroderma villosum,Chiroderma_villosum,direct_match,Chiroderma villosum,ACCEPTED
Cynomops planirostris,Cynomops_planirostris,direct_match,Cynomops planirostris,ACCEPTED
Dasypterus ega,Lasiurus_ega,known_equivalence,Dasypterus ega,ACCEPTED
Desmodus rotundus,Desmodus_rotundus,direct_match,Desmodus rotundus,ACCEPTED
Diclidurus albus,Diclidurus_albus,direct_match,Diclidurus albus,ACCEPTED
Diphylla ecaudata,Diphylla_ecaudata,direct_match,Diphylla ecaudata,ACCEPTED
Enchisthenes hartii,Enchisthenes_hartii,direct_match,Enchisthenes hartii,ACCEPTED
Eptesicus brasiliensis,Eptesicus_brasiliensis,direct_match,Eptesicus brasiliensis,ACCEPTED
Eptesicus furinalis,Eptesicus_furinalis,direct_match,Eptesicus furinalis,ACCEPTED
Eumops auripendulus,Eumops_auripendulus,direct_match,Eumops auripendulus,ACCEPTED
Eumops glaucinus,Eumops_glaucinus,direct_match,Eumops glaucinus,ACCEPTED
Glossophaga commissarisi,Glossophaga_commissarisi,direct_match,Glossophaga commissarisi,ACCEPTED
Glossophaga leachii,Glossophaga_leachii,direct_match,Glossophaga leachii,ACCEPTED
Glossophaga mutica,Glossophaga_soricina,manually_confirmed,Glossophaga mutica,ACCEPTED
Lasiurus blossevillii,Lasiurus_blossevillii,direct_match,Lasiurus blossevillii,ACCEPTED
Micronycteris megalotis,Micronycteris_megalotis,direct_match,Micronycteris megalotis,ACCEPTED
Molossops temminckii,Molossops_temminckii,direct_match,Molossops temminckii,ACCEPTED
Molossus molossus,Molossus_molossus,direct_match,Molossus molossus,ACCEPTED
Molossus rufus,Molossus_rufus,direct_match,Molossus rufus,ACCEPTED
Myotis albescens,Myotis_albescens,direct_match,Myotis albescens,ACCEPTED
Myotis nigricans,Myotis_nigricans,direct_match,Myotis nigricans,ACCEPTED
Myotis oxyotus,Myotis_oxyotus,direct_match,Myotis oxyotus,ACCEPTED
Myotis riparius,Myotis_riparius,direct_match,Myotis riparius,ACCEPTED
Noctilio albiventris,Noctilio_albiventris,direct_match,Noctilio albiventris,ACCEPTED
Noctilio leporinus,Noctilio_leporinus,direct_match,Noctilio leporinus,ACCEPTED
Nyctinomops laticaudatus,Nyctinomops_laticaudatus,direct_match,Nyctinomops laticaudatus,ACCEPTED
Peropteryx macrotis,Peropteryx_macrotis,direct_match,Peropteryx macrotis,ACCEPTED
Platyrrhinus helleri,Platyrrhinus_helleri,direct_match,Platyrrhinus helleri,ACCEPTED
Platyrrhinus lineatus,Platyrrhinus_lineatus,direct_match,Platyrrhinus lineatus,ACCEPTED
Promops centralis,Promops_centralis,direct_match,Promops centralis,ACCEPTED
Pteronotus davyi,Pteronotus_davyi,direct_match,Pteronotus davyi,ACCEPTED
Pteronotus gymnonotus,Pteronotus_gymnonotus,direct_match,Pteronotus gymnonotus,ACCEPTED
Rhogeessa io,Rhogeessa_io,direct_match,Rhogeessa io,ACCEPTED
Rhynchonycteris naso,Rhynchonycteris_naso,direct_match,Rhynchonycteris naso,ACCEPTED
Saccopteryx bilineata,Saccopteryx_bilineata,direct_match,Saccopteryx bilineata,ACCEPTED
Sturnira erythromos,Sturnira_erythromos,direct_match,Sturnira erythromos,ACCEPTED
Sturnira hondurensis,Sturnira_hondurensis,direct_match,Sturnira hondurensis,ACCEPTED
Sturnira lilium,Sturnira_lilium,direct_match,Sturnira lilium,ACCEPTED
Sturnira parvidens,Sturnira_parvidens,direct_match,Sturnira parvidens,ACCEPTED
Trachops cirrhosus,Trachops_cirrhosus,direct_match,Trachops cirrhosus,ACCEPTED
Uroderma bilobatum,Uroderma_bilobatum,direct_match,Uroderma bilobatum,ACCEPTED
Uroderma magnirostrum,Uroderma_magnirostrum,direct_match,Uroderma magnirostrum,ACCEPTED
