species,n_dentro_rango,n_thin_1km,n_thin_2km,n_thin_5km,n_thin_10km,en_riesgo_10km
Anoura caudifer,401,170,161,145,137,False
Anoura cultrata,147,41,39,36,35,False
Anoura peruana,468,130,123,112,100,False
Artibeus aztecus,911,201,188,156,127,False
Artibeus lituratus,9441,2006,1853,1569,1300,False
Artibeus phaeotis,2718,714,650,555,468,False
Artibeus planirostris,3567,504,480,433,388,False
Artibeus watsoni,480,106,97,83,76,False
Balantiopteryx plicata,2135,236,218,185,152,False
Carollia brevicauda,4537,990,912,786,665,False
Carollia perspicillata,10327,1607,1496,1289,1081,False
Chiroderma villosum,517,235,224,211,195,False
Cynomops planirostris,124,52,51,48,48,False
Dasypterus ega,447,169,161,150,142,False
Desmodus rotundus,5132,1388,1313,1164,982,False
Diclidurus albus,37,21,19,17,16,True
Diphylla ecaudata,305,128,121,110,100,False
Enchisthenes hartii,346,160,152,141,129,False
Eptesicus brasiliensis,157,95,94,88,83,False
Eptesicus furinalis,451,168,162,151,147,False
Eumops auripendulus,68,27,27,27,25,True
Eumops glaucinus,131,56,54,54,51,False
Glossophaga commissarisi,642,295,276,239,202,False
Glossophaga leachii,550,184,171,151,136,False
Glossophaga mutica,4049,885,806,656,525,False
Lasiurus blossevillii,149,74,70,69,66,False
Micronycteris megalotis,641,271,259,237,218,False
Molossops temminckii,313,123,121,114,105,False
Molossus molossus,3945,567,548,492,436,False
Molossus rufus,1067,220,215,204,192,False
Myotis albescens,735,165,164,152,140,False
Myotis nigricans,1880,501,481,445,411,False
Myotis oxyotus,85,28,27,27,25,True
Myotis riparius,425,198,186,171,155,False
Noctilio albiventris,643,167,162,149,136,False
Noctilio leporinus,643,221,208,189,176,False
Nyctinomops laticaudatus,391,64,62,59,58,False
Peropteryx macrotis,693,117,110,99,88,False
Platyrrhinus helleri,1653,505,472,414,358,False
Platyrrhinus lineatus,374,98,92,87,74,False
Promops centralis,69,32,32,30,28,True
Pteronotus davyi,300,100,95,91,77,False
Pteronotus gymnonotus,52,31,31,31,31,False
Rhogeessa io,306,100,98,89,81,False
Rhynchonycteris naso,572,201,192,180,167,False
Saccopteryx bilineata,1008,337,321,281,254,False
Sturnira erythromos,1553,213,201,176,153,False
Sturnira hondurensis,2436,481,439,361,280,False
Sturnira lilium,3427,732,701,643,581,False
Sturnira parvidens,4873,1039,959,797,660,False
Trachops cirrhosus,761,239,228,206,183,False
Uroderma bilobatum,1758,504,481,437,388,False
Uroderma magnirostrum,257,123,119,115,112,False
