paso,n_especies,r_tri_precip,especie_removida
0,53,0.8112619045621337,NA
1,52,0.786963222594264,Anoura cultrata
2,51,0.7492898655392789,Myotis oxyotus
3,50,0.6970613126757459,Sturnira erythromos
4,49,0.6483752665002676,Enchisthenes hartii
5,48,0.6002470770991153,Anoura peruana
6,47,0.5683892066912333,Anoura caudifer
7,46,0.5413717994021611,Eptesicus brasiliensis
8,45,0.5152451946158595,Molossops temminckii
9,44,0.49072841601149286,Diclidurus albus
10,43,0.4660929643435925,Platyrrhinus helleri
11,42,0.4431121313343506,Dasypterus ega
12,41,0.4223178379968125,Carollia brevicauda
13,40,0.40305099215236706,Promops centralis
14,39,0.38260153092122773,Sturnira hondurensis
15,38,0.3616620040918632,Micronycteris megalotis
16,37,0.34007374447121874,Glossophaga commissarisi
17,36,0.3207953093150514,Lasiurus blossevillii
18,35,0.3017384833519448,Cynomops planirostris
19,34,0.28197821840424886,Uroderma magnirostrum
20,33,0.2594922842421122,Eumops glaucinus
21,32,0.23387498325994938,Noctilio albiventris
22,31,0.20457594452001618,Noctilio leporinus
23,30,0.1765597496406149,Sturnira lilium
24,29,0.1485464821013062,Nyctinomops laticaudatus
25,28,0.11820223213253273,Eumops auripendulus
26,27,0.08739605624789129,Peropteryx macrotis
27,26,0.05849504751831001,Myotis albescens
28,25,0.027931146241208932,Molossus rufus
29,24,-2.895982142192441e-4,Platyrrhinus lineatus
30,23,-5.4695880602380844e-6,Desmodus rotundus
31,22,2.518760778081993e-4,Artibeus lituratus
32,21,7.431996237629041e-4,Rhogeessa io
33,20,-0.0015392016762075078,Rhynchonycteris naso
