species,r_sin_esta_especie,delta_r
Artibeus aztecus,0.8483147464317948,-0.03705284186966118
Anoura cultrata,0.786963222594264,0.024298681967869662
Myotis oxyotus,0.78812346644786,0.02313843811427363
Sturnira erythromos,0.7902312064628744,0.021030698099259282
Artibeus watsoni,0.8276403728031987,-0.016378468241065036
Enchisthenes hartii,0.79795269117978,0.01330921338235369
Sturnira hondurensis,0.8218897806062624,-0.010627876044128737
Balantiopteryx plicata,0.8216017633577819,-0.010339858795648249
Anoura peruana,0.802996082861633,0.008265821700500608
Pteronotus gymnonotus,0.8179029600553555,-0.0066410554932218036
Molossops temminckii,0.8052937231815754,0.005968181380558213
Platyrrhinus lineatus,0.8168585302573621,-0.005596625695228452
Diphylla ecaudata,0.8166576432824836,-0.00539573872034993
Diclidurus albus,0.8064101060593384,0.004851798502795268
Rhynchonycteris naso,0.8152429665848395,-0.003981062022705872
Sturnira parvidens,0.8150885056985535,-0.0038266011364198604
Carollia brevicauda,0.8150849641864968,-0.0038230596243631343
Promops centralis,0.8081087463272336,0.003153158234900033
Anoura caudifer,0.8081331660471198,0.003128738515013829
Glossophaga leachii,0.8142424118360606,-0.002980507273926958
Glossophaga mutica,0.8140778339163924,-0.0028159293542587838
Dasypterus ega,0.8085444031231406,0.002717501438993075
Myotis riparius,0.813711265415813,-0.0024493608536793054
Noctilio leporinus,0.8089730178500196,0.0022888867121140244
Uroderma magnirostrum,0.8093311814892786,0.0019307230728550229
Cynomops planirostris,0.8093326351151376,0.001929269446996007
Peropteryx macrotis,0.8096417231987995,0.0016201813633341944
Eumops auripendulus,0.8097862088408226,0.00147569572131101
Myotis albescens,0.8098656340500499,0.001396270512083797
Platyrrhinus helleri,0.8126080349614063,-0.0013461303992726714
Molossus rufus,0.8099233995301327,0.0013385050320009473
Myotis nigricans,0.8125344631605508,-0.0012725585984171284
Saccopteryx bilineata,0.8125102502394291,-0.0012483456772954815
Carollia perspicillata,0.8124497718453687,-0.0011878672832350556
Rhogeessa io,0.8123001103787821,-0.0010382058166484853
Eptesicus brasiliensis,0.8103021461772874,9.597583848462987e-4
Desmodus rotundus,0.8121514543268364,-8.895497647027906e-4
Uroderma bilobatum,0.81201604269864,-7.541381365063771e-4
Noctilio albiventris,0.8105466163820237,7.152881801099076e-4
Molossus molossus,0.8105633182509684,6.985863111652613e-4
Micronycteris megalotis,0.8118812621012944,-6.193575391607586e-4
Eumops glaucinus,0.8107001803685,5.617241936336503e-4
Eptesicus furinalis,0.810720808434508,5.41096127625651e-4
Sturnira lilium,0.810750838412349,5.110661497846891e-4
Artibeus phaeotis,0.8108286333949506,4.33271167183058e-4
Trachops cirrhosus,0.8109503606024121,3.115439597215497e-4
Glossophaga commissarisi,0.8110636098541324,1.9829470800125648e-4
Artibeus planirostris,0.8114388453909694,-1.769408288357921e-4
Lasiurus blossevillii,0.8114070045116114,-1.4509994947775606e-4
Artibeus lituratus,0.8113244390619719,-6.253449983828485e-5
Nyctinomops laticaudatus,0.8113166120479838,-5.470748585012508e-5
Pteronotus davyi,0.8112204843513542,4.142021077946367e-5
Chiroderma villosum,0.8112899148567416,-2.8010294607971886e-5
