n_especies,r_subset,modelo,termino,n_arboles,estimate_mediana,estimate_p2_5,estimate_p97_5,se_mediana,pct_significativos
53,0.8112619045621337,elev_rango_robusto,bio12_rugosidad_media,500,8.873591307689178,8.70603166378535,9.057992831313122,8.251463849062365,0
45,0.5152451946158595,elev_rango_robusto,bio12_rugosidad_media,500,2.1716614144690647,1.860757964796456,2.6970185729842058,7.649463676867169,0
35,0.3017384833519448,elev_rango_robusto,bio12_rugosidad_media,500,11.335165249169947,11.051925352954893,11.663232119850328,7.854549296554003,0
25,0.027931146241208932,elev_rango_robusto,bio12_rugosidad_media,500,17.464755209037413,17.297977338909853,17.658453807006783,6.731377719911298,100
20,-0.0015392016762075078,elev_rango_robusto,bio12_rugosidad_media,500,12.302778188635145,12.042094075813079,12.612930282351577,8.632380846270514,0
53,0.8112619045621337,elev_rango_robusto,log_n,500,229.05250673792307,227.11745018913248,231.46075642642865,60.66889995124386,100
45,0.5152451946158595,elev_rango_robusto,log_n,500,248.77170628142244,245.63832670386859,252.26513414526028,56.02977741666824,100
35,0.3017384833519448,elev_rango_robusto,log_n,500,230.51370698838855,228.66737203573618,233.46107002529968,53.5898150838086,100
25,0.027931146241208932,elev_rango_robusto,log_n,500,319.78450113564054,318.78204785661956,320.9341934944832,50.37877489586846,100
20,-0.0015392016762075078,elev_rango_robusto,log_n,500,274.93482522819795,273.7163017286398,275.82372771362907,80.42832064042832,100
53,0.8112619045621337,elev_rango_robusto,tri_c,500,17.697905535877368,17.202389994454208,18.31806875292603,17.100244468948347,0
45,0.5152451946158595,elev_rango_robusto,tri_c,500,27.483579537144827,26.33590166607584,28.47489006229607,19.590841003805906,0
35,0.3017384833519448,elev_rango_robusto,tri_c,500,-17.10238794383912,-18.31439616992291,-15.574693287266328,25.294763149404957,0
25,0.027931146241208932,elev_rango_robusto,tri_c,500,9.433014833054756,7.9979905107195295,10.565664653342543,22.624496292661192,0
20,-0.0015392016762075078,elev_rango_robusto,tri_c,500,1.114636430053224,0.4614058897408313,1.73164597193267,28.62159806438815,0
53,0.8112619045621337,elev_rango_robusto,tri_c2,500,-1.29741903387594,-1.3050157447472575,-1.2897562263820437,0.39935010682146677,100
45,0.5152451946158595,elev_rango_robusto,tri_c2,500,-0.5403613155264275,-0.6125444999247971,-0.47068761595432196,0.9801170384613321,0
35,0.3017384833519448,elev_rango_robusto,tri_c2,500,-3.5417321043426853,-3.590807335783629,-3.4792754332395686,1.4243444935176035,100
25,0.027931146241208932,elev_rango_robusto,tri_c2,500,-4.7672326623661405,-4.800144798760544,-4.7309653098999025,1.443182652615893,100
20,-0.0015392016762075078,elev_rango_robusto,tri_c2,500,-5.8365355325946595,-5.9922655718276125,-5.780239986234797,1.9195502591900224,100
53,0.8112619045621337,log_dist_media,bio12_rugosidad_media,500,-1.312839070204061e-4,-1.3128448596623764e-4,-1.3128346280982166e-4,0.0031773240466850686,0
45,0.5152451946158595,log_dist_media,bio12_rugosidad_media,500,-6.518859696944615e-4,-6.51886649281018e-4,-6.518852670145876e-4,0.004034458772515062,0
35,0.3017384833519448,log_dist_media,bio12_rugosidad_media,500,-0.0034438327786854815,-0.003443833719169434,-0.0034438317454572502,0.005084114673346368,0
25,0.027931146241208932,log_dist_media,bio12_rugosidad_media,500,-0.002998092543495312,-0.0029980937150722946,-0.0029980911618157895,0.005864391761577457,0
20,-0.0015392016762075078,log_dist_media,bio12_rugosidad_media,500,-0.0072573240634455916,-0.007257325340346482,-0.007257322502935032,0.007378052724866501,0
53,0.8112619045621337,log_dist_media,log_n,500,-0.018292613164370586,-0.018292621992158864,-0.018292604423440807,0.02463931080976962,0
45,0.5152451946158595,log_dist_media,log_n,500,-0.014937233005941408,-0.014937241662934465,-0.014937223468218928,0.029206383786349124,0
35,0.3017384833519448,log_dist_media,log_n,500,-0.036906979060674416,-0.03690699199615666,-0.03690696298968672,0.033526153818277976,0
25,0.027931146241208932,log_dist_media,log_n,500,0.009673033718994972,0.009673028206879453,0.009673041195041598,0.03906869760242603,0
20,-0.0015392016762075078,log_dist_media,log_n,500,-0.0023401761685484246,-0.002340181472407066,-0.002340170175765843,0.05542380225037737,0
53,0.8112619045621337,log_dist_media,tri_c,500,-0.00173234824343646,-0.0017323488937412447,-0.001732347595487745,0.003368344637219537,0
45,0.5152451946158595,log_dist_media,tri_c,500,-0.0018137130271940055,-0.0018137141878651689,-0.0018137120044392934,0.004352678054556117,0
35,0.3017384833519448,log_dist_media,tri_c,500,-0.0017873789354284075,-0.001787380267122323,-0.0017873777605550852,0.0050374079809369435,0
25,0.027931146241208932,log_dist_media,tri_c,500,0.0017858551003972628,0.001785853913033558,0.0017858564760453604,0.006031823969121846,0
20,-0.0015392016762075078,log_dist_media,tri_c,500,-2.8511301822906066e-4,-2.85113785063014e-4,-2.8511220442048734e-4,0.007032724105146952,0
53,0.8112619045621337,log_dist_sd,bio12_rugosidad_media,500,0.0015141919766009648,0.0015141902519658819,0.001514193515576083,0.009179397257570424,0
45,0.5152451946158595,log_dist_sd,bio12_rugosidad_media,500,-0.0015948913316539692,-0.0015948935432894308,-0.001594889216496556,0.011658839297520719,0
35,0.3017384833519448,log_dist_sd,bio12_rugosidad_media,500,-0.008081014441609649,-0.008081017020227878,-0.008081011733239628,0.01434409388313489,0
25,0.027931146241208932,log_dist_sd,bio12_rugosidad_media,500,-0.008136246574998396,-0.008136249252369615,-0.008136243724415543,0.01782934678394684,0
20,-0.0015392016762075078,log_dist_sd,bio12_rugosidad_media,500,-0.019912446165674835,-0.019912449512128547,-0.01991244317172777,0.022431856267934057,0
53,0.8112619045621337,log_dist_sd,log_n,500,0.051541435764693055,0.051541408458237736,0.05154145716901879,0.0711838072191191,0
45,0.5152451946158595,log_dist_sd,log_n,500,0.06632504261825467,0.06632502010689496,0.06632506469173727,0.08440104476559063,0
35,0.3017384833519448,log_dist_sd,log_n,500,0.017543219412490707,0.017543191704368733,0.017543251320623822,0.09458919182561815,0
25,0.027931146241208932,log_dist_sd,log_n,500,0.1096230654260184,0.10962305270757824,0.10962308088011397,0.11877947222846566,0
20,-0.0015392016762075078,log_dist_sd,log_n,500,0.04602832858936523,0.04602831334051025,0.046028344742363635,0.16850770968868845,0
53,0.8112619045621337,log_dist_sd,tri_c,500,-0.006502067710015158,-0.006502070026009004,-0.006502065547927167,0.009731262234686542,0
45,0.5152451946158595,log_dist_sd,tri_c,500,-0.007907139809801594,-0.007907144082361824,-0.007907136326912595,0.012578434140295549,0
35,0.3017384833519448,log_dist_sd,tri_c,500,-0.005700720214908486,-0.005700724159338366,-0.005700716549562021,0.014212317698840096,0
25,0.027931146241208932,log_dist_sd,tri_c,500,-7.18363712372827e-5,-7.184028104576384e-5,-7.183227125213756e-5,0.018338386253410444,0
20,-0.0015392016762075078,log_dist_sd,tri_c,500,-0.010376904393689823,-0.010376907106918704,-0.010376901815520641,0.021381936700931373,0
53,0.8112619045621337,log_niche_volume,bio12_rugosidad_media,488,0.04610216657840728,0.045931952745491514,0.04625835279958051,0.009829988702232773,100
45,0.5152451946158595,log_niche_volume,bio12_rugosidad_media,500,0.05104077855685732,0.05082199399837673,0.051257738629623774,0.011409697394536943,100
35,0.3017384833519448,log_niche_volume,bio12_rugosidad_media,500,0.05559674016932591,0.05540257831175906,0.05582770556554863,0.013775864614157952,100
25,0.027931146241208932,log_niche_volume,bio12_rugosidad_media,495,0.06569968011913951,0.06522194832446176,0.06636524777469695,0.012765591178791908,100
20,-0.0015392016762075078,log_niche_volume,bio12_rugosidad_media,498,0.04231832035714045,0.04082517857362318,0.04411714624771272,0.014755724973561962,100
53,0.8112619045621337,log_niche_volume,log_n,488,0.4575093652532054,0.45430990073292754,0.4609920082561178,0.08419334991345634,100
45,0.5152451946158595,log_niche_volume,log_n,500,0.4217800419166533,0.41873056298686534,0.42534079513901113,0.08863766325829711,100
35,0.3017384833519448,log_niche_volume,log_n,500,0.5389739236308433,0.5362837669304796,0.5417190352009789,0.09423722995915679,100
25,0.027931146241208932,log_niche_volume,log_n,495,0.6044468362499771,0.6025307727103856,0.6065962537448062,0.08886786068397551,100
20,-0.0015392016762075078,log_niche_volume,log_n,498,0.44805052818996494,0.4367642450445851,0.4594544723704175,0.1290245266884773,100
53,0.8112619045621337,log_niche_volume,tri_c,488,8.246726288563266e-4,6.409136887167884e-4,0.0010504122676147734,0.010613484575091911,0
45,0.5152451946158595,log_niche_volume,tri_c,500,0.005665959580300695,0.005292735602484962,0.006133036445406615,0.012758507462316774,0
35,0.3017384833519448,log_niche_volume,tri_c,500,0.008280972669549344,0.007823859147603017,0.008850481601771775,0.013950723302211506,0
25,0.027931146241208932,log_niche_volume,tri_c,495,0.015215159339314388,0.014828401232684156,0.015593960531975775,0.013246331042817847,0
20,-0.0015392016762075078,log_niche_volume,tri_c,498,0.006775243002856146,0.006249206850497305,0.007397053275620296,0.013169981783448574,0
