respuesta,variable,n_arboles,coef_solo,coef_completo,cambio_signo_pct
elev_rango_robusto,tri_c,500,31.517691313288882,17.697905535877368,0
log_dist_media,tri_c,500,-0.0018452893179656338,-0.00173234824343646,0
log_dist_sd,tri_c,500,-0.005199437190221094,-0.006502067710015158,0
log_niche_volume,tri_c,488,0.03859098262649957,8.246726288563266e-4,0
elev_rango_robusto,tri_c2,500,-1.1283697083273236,-1.29741903387594,0
elev_rango_robusto,bio12_rugosidad_media,500,11.431862967657102,8.873591307689178,0
log_dist_media,bio12_rugosidad_media,500,-0.00145735107208695,-1.312839070204061e-4,0
log_dist_sd,bio12_rugosidad_media,500,-0.0034629703536158424,0.0015141919766009648,100
log_niche_volume,bio12_rugosidad_media,483,0.04667476759914807,0.046102003342644915,0
