desde,hacia,n_arboles,coef_mediana,coef_p2_5,coef_p97_5
bio12_rugosidad_media,log_niche_volume,500,0.6228660862965709,0.6204992346255254,0.6254527851892282
elev_rango_robusto,log_niche_volume,500,0.4507382000946817,0.4444016647172656,0.45624922607396884
log_n,elev_rango_robusto,500,0.35660762436065796,0.35396844255053694,0.36070824060754536
log_n,log_niche_volume,500,0.3254499732493391,0.3201471538998272,0.3311235096497076
tri_c,bio12_rugosidad_media,500,0.8112618905912045,0.8112618813199748,0.8112618990157192
tri_c,elev_rango_robusto,500,0.9256896498072786,0.9225419377108588,0.929565624012889
tri_c,log_niche_volume,500,-0.3709341896549113,-0.3809767530244255,-0.35983177601933425
tri_c,tri_c2,500,0.8674043766787873,0.8596381890407052,0.8748957411286429
tri_c2,elev_rango_robusto,500,-0.3061680482465645,-0.30829379500852094,-0.3040085262594143
tri_c2,log_niche_volume,500,-0.014942601481890305,-0.019300404880368237,-0.01041947563944348
