ecuacion,termino,n_arboles,estimate_mediana,estimate_p2_5,estimate_p97_5,se_mediana,pct_significativos,lambda_mediana
bio12_rugosidad_media <- tri_c,tri_c,500,0.8607485768475843,0.8607485560917612,0.8607485952262341,0.08686624533128592,100,1e-6
elev_rango_robusto <- tri_c + tri_c2 + log_n,log_n,500,235.95215895430306,234.2059251239114,238.66538671850208,62.56089833057301,100,0.19069124029048662
elev_rango_robusto <- tri_c + tri_c2 + log_n,tri_c,500,49.001526159666454,48.83490142694423,49.20669848102704,7.237767804610172,100,0.19069124029048662
elev_rango_robusto <- tri_c + tri_c2 + log_n,tri_c2,500,-0.7095724578758926,-0.7144990002368781,-0.7045674722789511,0.3047218043395601,100,0.19069124029048662
log_niche_volume <- elev + tri_c + tri_c2 + bio12 + log_n,bio12_rugosidad_media,500,0.04730732455879656,0.04720758556747176,0.047405240125070205,0.008653393915415294,100,0.14809009999511552
log_niche_volume <- elev + tri_c + tri_c2 + bio12 + log_n,elev_rango_robusto,500,7.041085209686417e-4,6.966201673362358e-4,7.111892845709715e-4,1.7589841701237517e-4,100,0.14809009999511552
log_niche_volume <- elev + tri_c + tri_c2 + bio12 + log_n,log_n,500,0.24164998081986866,0.2377261570539838,0.24560698377147805,0.08713204645792202,100,0.14809009999511552
log_niche_volume <- elev + tri_c + tri_c2 + bio12 + log_n,tri_c,500,-0.026009389532601346,-0.02671357183274626,-0.025230912107331256,0.014342000133707448,0,0.14809009999511552
log_niche_volume <- elev + tri_c + tri_c2 + bio12 + log_n,tri_c2,500,-4.587368684859372e-5,-5.9254715851075884e-5,-3.1987936027255695e-5,3.9459441558335176e-4,0,0.14809009999511552
