modelo,termino,estimate_principal,se_principal,pct_sig_principal,lambda_principal,estimate_incert10km,se_incert10km,pct_sig_incert10km,lambda_incert10km,estimate_sinTexas,se_sinTexas,pct_sig_sinTexas,lambda_sinTexas,estimate_ambos,se_ambos,pct_sig_ambos,lambda_ambos
elev_rango_robusto,bio12_rugosidad_media,8.873591307689178,8.251463849062365,0,0.15401726162167984,9.315035454795751,7.991148051724624,0,0.13843990472242337,9.06737744044645,8.250999994810257,0,0.15331649658871216,9.56422384580234,7.988169254825618,0,0.1367572783157155
elev_rango_robusto,elev_mediana,0.8904877167170813,0.4015083531532864,100,0.15401726162167984,0.8998526778789542,0.3822273047043821,100,0.13843990472242337,0.8975489887318888,0.4011722479297112,100,0.15331649658871216,0.9096676007971404,0.3817189396315693,100,0.1367572783157155
elev_rango_robusto,log_n,229.05250673792307,60.66889995124386,100,0.15401726162167984,221.5285621795456,59.60311720439509,100,0.13843990472242337,227.1143630910044,60.58306921517883,100,0.15331649658871216,219.18536703697373,59.44722383367959,100,0.1367572783157155
elev_rango_robusto,tri_c,17.697905535877368,17.100244468948347,0,0.15401726162167984,17.225290633358917,16.433100088149494,0,0.13843990472242337,17.65826225443274,17.068395844461683,0,0.15331649658871216,17.141365353570194,16.38808938435621,0,0.1367572783157155
elev_rango_robusto,tri_c2,-1.29741903387594,0.3993501068214668,100,0.15401726162167984,-1.3295127017014834,0.3918795028454245,100,0.13843990472242337,-1.31580007522188,0.40020476856416753,100,0.15331649658871216,-1.3531415029233351,0.39265306191945915,100,0.1367572783157155
log_dist_media,bio12_rugosidad_media,-1.312839070204061e-4,0.00317732404668506,0,1e-6,2.483446377797051e-4,0.00274125455262877,0,1e-6,0.00122400477638675,0.00309524709788192,0,1e-6,5.517486273082899e-4,0.00278217049975742,0,1e-6
log_dist_media,log_n,-0.01829261316437058,0.02463931080976962,0,1e-6,0.00749016355374809,0.02109588725990832,0,1e-6,-0.0253425904369271,0.0239746910875872,0,1e-6,0.00856737513085681,0.02138099323927707,0,1e-6
log_dist_media,tri_c,-0.00173234824343646,0.00336834463721953,0,1e-6,-0.00142629463150668,0.00291115861855141,0,1e-6,-0.00311323490542386,0.00327904313443035,0,1e-6,-0.00156208520572592,0.002952234396153,0,1e-6
log_dist_sd,bio12_rugosidad_media,0.00151419197660096,0.00917939725757042,0,1e-6,0.00208666955953299,0.0088008643095104,0,1e-6,0.00409508478072442,0.00915881020974542,0,1e-6,0.00254741407179839,0.0088483701013276,0,1e-6
log_dist_sd,log_n,0.05154143576469305,0.0711838072191191,0,1e-6,0.09716658268800328,0.06772885833244764,0,1e-6,0.01265479328408147,0.07094090997433262,0,1e-6,0.098989589100972,0.06799976545453834,0,1e-6
log_dist_sd,tri_c,-0.00650206771001515,0.00973126223468654,0,1e-6,-0.00604783923623832,0.00934634543493287,0,1e-6,-0.00982058795346229,0.00970266113444747,0,1e-6,-0.00625970448703586,0.00938923856648638,0,1e-6
log_niche_volume,bio12_rugosidad_media,0.04610216657840728,0.00982998870223277,100,0.2346797307399186,0.04657383945047944,0.00979811134891139,100,0.2576851833476336,0.04459709857212619,0.00908953967012992,100,0.3478254500654353,0.04600373347423639,0.00984696802524945,100,0.26393613299046514
log_niche_volume,log_n,0.4575093652532054,0.08419334991345634,100,0.2346797307399186,0.4167499456132653,0.08438205266600754,100,0.2576851833476336,0.4623347323947282,0.07946272310725955,100,0.3478254500654353,0.4161310188021723,0.08483358615537452,100,0.26393613299046514
log_niche_volume,tri_c,8.246726288563266e-4,0.01061348457509191,0,0.2346797307399186,-8.172337776718441e-4,0.01065867595177961,0,0.2576851833476336,0.00289948110612038,0.00983504297733659,0,0.3478254500654353,-5.454057242979538e-4,0.01070651106733396,0,0.26393613299046514
