arbol,b1,b2,TRI_pico
1,17.06292092257781,-1.357857502377473,26.571323149154583
2,16.81144947972399,-1.3578541993051045,26.478739594759762
3,17.27088592120807,-1.3478620545320457,26.695062967389273
4,16.76255025857688,-1.3578129605268012,26.46092099617747
5,17.10750703010458,-1.3530296870074805,26.61021835357166
6,17.514142760610696,-1.3447616069473165,26.800280334801897
7,16.73237186171952,-1.3586285032715333,26.44610955886381
8,17.21359060867774,-1.3542656058379237,26.643615348771068
9,17.346343145180654,-1.3555938893681478,26.686352777645084
10,17.300002644186883,-1.3498438636539234,26.696441915841625
11,17.286590440007288,-1.3501430588884116,26.690054896455305
12,17.6469582836841,-1.3423184066446217,26.86160546605261
13,16.91129018621733,-1.3573074531549691,26.518012168046326
14,17.158484802155385,-1.3511470802714767,26.63789157063664
15,17.30522782763397,-1.3536278975227747,26.680458156066244
16,16.85544637756916,-1.3588705173846582,26.490298448455867
17,17.155862499478964,-1.3578429859224537,26.60561429788591
18,16.859439968715805,-1.3548898413346198,26.509993756339743
19,16.758781051295713,-1.358029015345835,26.45855121632605
20,16.977360754312528,-1.3570354197601242,26.543604702598856
21,17.5599429883588,-1.3482808647308406,26.80026754043072
22,17.074119365075433,-1.3531331153279567,26.59739796029091
23,17.059639117122266,-1.3537105651375594,26.589358342317688
24,17.037014020627247,-1.356596462869712,26.567615118734036
25,17.40108423697105,-1.3537882769836047,26.71510392259119
26,17.367082107057676,-1.3524680533436628,26.7088071110593
27,17.506765539690406,-1.3471228869971217,26.78612777464907
28,16.992762825116912,-1.350306690772629,26.580478797248798
29,17.47561339896876,-1.348799185732183,26.766504109476564
30,16.93889276411447,-1.3542642367847844,26.542202184503477
31,17.39147138523915,-1.352744051215704,26.71651188764247
32,17.303254351452665,-1.3499823624952692,26.696988835837143
33,17.007801361213822,-1.3559830162613302,26.559684119345718
34,17.107553971882254,-1.3540034538404777,26.60568911036848
35,17.305316003227688,-1.3528221787723416,26.68429781488933
36,17.239669676449928,-1.3491794754206285,26.67723840348856
37,17.39979194333027,-1.3521869174038228,26.722237174125606
38,16.54292544136537,-1.3609349116364609,26.36607218875442
39,17.277913644332145,-1.3482152341021871,26.695990950585113
40,17.03530316612693,-1.351329839693137,26.591454893782462
41,16.844267528567933,-1.354499717818615,26.50618497883215
42,17.002215670489335,-1.3543874259921873,26.565010310452656
43,17.26434634314642,-1.349627664808339,26.684258766060395
44,16.703759575149668,-1.361532277377325,26.42246924281806
45,17.281381553665078,-1.346455499564918,26.705653210601582
46,16.895619604014982,-1.3582666773728889,26.507844069676278
47,16.997776996782832,-1.3543279863172923,26.56364708765952
48,17.42153452115238,-1.353634681596425,26.72338700727394
49,16.629080761165056,-1.3602953424860171,26.40059764723311
50,16.962496273145028,-1.357552179082698,26.53574884872893
51,16.94347912609914,-1.3559625253361443,26.536060597058075
52,17.259680343480717,-1.3512152676587998,26.675017267247917
53,16.86738449251216,-1.3587619006779494,26.49518723650757
54,17.082658158209206,-1.352195227295355,26.60493136299571
55,17.40427357676331,-1.3516555865961637,26.726424165141722
56,17.116488070848924,-1.349909804368159,26.628155987161268
57,17.773185071488385,-1.3473341546763686,26.883978024224078
58,17.137132161652183,-1.3540911419348571,26.616201795935794
59,17.140851670369848,-1.3504620209431835,26.63458402575926
60,17.747100190853246,-1.3453954283770733,26.883788331959032
61,17.2864250932061,-1.3478356781961685,26.700952834574284
62,17.07310821377704,-1.3524746810248738,26.600095649153246
63,16.886012018641594,-1.3593157308455002,26.499510144950094
64,16.97956373457413,-1.3540315820956996,26.558295226171055
65,17.238856724253125,-1.3531727147529766,26.658084110506884
66,17.660719740115823,-1.3478826132848978,26.83957495405715
67,16.776876669351992,-1.3602989266350445,26.454906332797727
68,17.651490694786965,-1.3481752601088157,26.834730083442597
69,17.232795061611505,-1.3535425461452055,26.654104493997345
70,16.931878945122804,-1.3534849569744605,26.543211901042813
71,17.412084604513936,-1.3469035634498123,26.75203822248911
72,16.68152269295601,-1.360488982086573,26.419000869806474
73,17.46532004858645,-1.3443107118929936,26.78430550646676
74,17.241405176940418,-1.3492696354318685,26.677454611422625
75,17.291670153366844,-1.349786181979474,26.693629164706945
76,16.70460931862509,-1.360478807161214,26.427531463796388
77,17.107061961873477,-1.354810049124752,26.601746426731232
78,16.887295755441585,-1.3547304565088032,26.521006676349494
79,17.020168845144205,-1.3531478550221783,26.577394045602542
80,16.905141402543578,-1.3565995043344028,26.51899693247532
81,17.20020279635945,-1.3526169929602307,26.646412564199483
82,17.10100320200133,-1.3555174458387018,26.596216806583485
83,17.387998599257877,-1.3550011307580148,26.70452267571074
84,16.997084216152494,-1.3568020342671208,26.551949051872565
85,16.946382926268903,-1.349999564424694,26.564732530545648
86,16.728015067409785,-1.3597258803938947,26.43953776011054
87,17.24431182512408,-1.3532351029141472,26.65980602182713
88,16.626420207866005,-1.3593701824790916,26.403778961480914
89,17.18475879722343,-1.3550132222170665,26.629469915386636
90,16.834287068116566,-1.3648091491994139,26.4555601956532
91,16.715321716952154,-1.3606578659073882,26.430660034775332
92,16.713626140375922,-1.361988951285939,26.424034574232206
93,17.642962467558228,-1.3438400409934346,26.8526757670802
94,16.959122019415076,-1.3560516934735087,26.541417579272498
95,17.352824738185376,-1.3468430471705695,26.730329106955843
96,17.21853565530757,-1.3488244566130678,26.671085775892504
97,16.945369059853533,-1.3559542245287908,26.536795746061987
98,17.305918752428333,-1.3479873690869457,26.707461862504683
99,17.145338632943165,-1.352814965770131,26.62520432999767
100,16.659603601168037,-1.360219008062706,26.412160490573473
101,17.276027969745265,-1.3476444512539656,26.698005255724766
102,17.201841502052908,-1.3538686708779197,26.641139552175776
103,16.337252688753672,-1.364411860473421,26.275213622277203
104,17.11091841776672,-1.3542512310408314,26.60577544299667
105,17.04265478797214,-1.3550334454533886,26.57693966678189
106,16.998611242386758,-1.35258847932427,26.572025945209194
107,17.03985043333593,-1.356328207603287,26.5699026681118
108,17.085003562773835,-1.3483272653817506,26.62392172381542
109,16.68976460093048,-1.3576001201029086,26.435081985548685
110,17.347661309147988,-1.3525725982296448,26.70113164066425
111,17.69603227848164,-1.3463214887927908,26.860285933632888
112,17.242455319297207,-1.348510032592051,26.681442936922576
113,17.12166632322605,-1.3567660300329552,26.59802668818886
114,17.16617245883743,-1.354911251340594,26.623088276918608
115,17.18765242455885,-1.3531690300764065,26.639181313697115
116,17.081374162455212,-1.3528294820059488,26.6014953380081
117,16.869112850893664,-1.3558733875224984,26.509047584234626
118,16.69992283786452,-1.3591185292409227,26.43195185161191
119,17.784471238915266,-1.3457506320009731,26.89593232028828
120,17.379118255014696,-1.3478319317888738,26.735356682894334
121,17.4077747136457,-1.3463617036130096,26.753039067081694
122,17.11843676328086,-1.3565841250431463,26.59768243543683
123,17.359053598836418,-1.3529736652235487,26.70344075189214
124,17.121500822384036,-1.35614424180201,26.600858664309804
125,16.90893566505983,-1.3547379239231514,26.52895907242459
126,17.226279601920425,-1.3525831368032604,26.656211343982182
127,17.10676624725128,-1.3579995839239345,26.586809132993018
128,17.20475841017808,-1.3505167636850919,26.657986887055472
129,16.85001773681605,-1.35968988532911,26.484564754750654
130,17.014499460414456,-1.3603036253042617,26.542226853336313
131,17.097630202225865,-1.351884273234651,26.611921759093775
132,16.945431457822394,-1.3506958659667854,26.561144728659368
133,16.941655920453,-1.3558631311710316,26.53584626044024
134,17.08383967121805,-1.351084086364863,26.610563457025407
135,16.74845697204595,-1.3586389944356165,26.451981576762254
136,16.962151499321067,-1.3578940705710263,26.53404890824698
137,17.340448536475982,-1.3513002594898076,26.70450092698669
138,16.988809644050093,-1.3497899556751696,26.58142324273114
139,17.87700283300041,-1.3444323564061884,26.936824290231524
140,17.431176948457264,-1.3490583004033754,26.74879040136654
141,17.573866452562633,-1.346267400286405,26.815177923417725
142,17.125713608883302,-1.3553465199375196,26.606128213673692
143,17.240855707519422,-1.3561540983143763,26.644817697250232
144,17.091507690552483,-1.3548490715955248,26.59582436323018
145,16.950744213978737,-1.3575121261211676,26.53160464968903
146,17.03417977849996,-1.3533640288451938,26.581565818612724
147,17.677166594621944,-1.3416602951318337,26.87608761817075
148,17.03990373908531,-1.3544695760791967,26.5785421030436
149,17.12191435334909,-1.3577561079002747,26.593516958359267
150,16.748647578732843,-1.3577451583339775,26.45610947309704
151,17.394088859746162,-1.3530137464744207,26.716197830915732
152,16.739348813630713,-1.3585367031527067,26.449093478469734
153,16.79025246444838,-1.358323184914786,26.468799590461227
154,16.533128651212742,-1.3655293057281828,26.342036006915244
155,16.866857921254137,-1.3551001411910635,26.511765251516287
156,17.51663503159657,-1.3458200394490687,26.796084852464702
157,16.952673086313006,-1.3575348301900174,26.53221066550337
158,16.654115127222624,-1.3624851988267785,26.39996065873007
159,17.33257344139747,-1.3500016420591878,26.70775622133259
160,16.952371403171178,-1.356107002397212,26.538673576225786
161,16.70390083025861,-1.3603115806533062,26.428025761822475
162,17.63078271269142,-1.3441271034519957,26.84674309490535
163,16.81330917435121,-1.3606487832279326,26.466708659858163
164,17.67935966831015,-1.3514248179650812,26.829299858101457
165,17.112750923204324,-1.3527237705776702,26.613586319501522
166,17.101503608423506,-1.3554073758143668,26.596913657303475
167,17.351572494290068,-1.348600335565962,26.721470560796956
168,16.97315042426139,-1.3570629674744001,26.541926457273036
169,16.506568501265377,-1.3651968375155814,26.333782693295987
170,17.757262967243996,-1.342326799068065,26.902651488371017
171,17.243855625390054,-1.3555878987311374,26.648579180310787
172,17.387426823879636,-1.346461920512775,26.745001838855295
173,17.139099367334232,-1.3471292299764288,26.649634335324976
174,16.825277866543544,-1.3533255125663644,26.504563972762455
175,17.03769158781642,-1.3551086139400024,26.574759540298658
176,17.215153688949684,-1.350373068004222,26.662513737537832
177,16.562197459452705,-1.3599541832779627,26.377540707507524
178,16.913482430930813,-1.35996863835822,26.50662784982411
179,16.957014715560597,-1.3574914670763611,26.53400925534433
180,17.22114935412788,-1.3537026266791408,26.649050284743133
181,17.399434889051335,-1.346277432128554,26.75034636911981
182,17.065506728707582,-1.3535822403073237,26.59212314588894
183,17.289775898930714,-1.3534228530996195,26.675718110193948
184,17.29673538116222,-1.348964756698523,26.699407017258803
185,17.466118202746706,-1.3490596061320064,26.761734374641048
186,16.815647786954543,-1.3589734062495218,26.475186002122005
187,17.060356406682587,-1.3548472014535475,26.584336834645462
188,17.222315942160527,-1.3536982999564051,26.649501504377646
189,17.118370578083734,-1.3534630861969088,26.612207219338643
190,17.315101523835537,-1.3497268483093885,26.702590783414312
191,17.005929600444546,-1.354452622638597,26.56607918801558
192,17.59657256110836,-1.3487415833321865,26.811622271743417
193,17.266156767088248,-1.354641152412471,26.661255710126817
194,16.93698630562706,-1.3551853567269,26.537248005915842
195,17.238167366799843,-1.3481580760502982,26.681521662787514
196,17.34877867352094,-1.3491650231915022,26.717742590973334
197,16.66930807450496,-1.3648820262092132,26.394793809071892
198,17.117454034008077,-1.3582700590113195,26.589489234410507
199,17.19564798512117,-1.3554352509226044,26.63151238477209
200,16.905094112007923,-1.3531351508244924,26.534931569816315
201,17.09809715964701,-1.358369290151252,26.581903880264484
202,17.147413825311666,-1.353028561865881,26.624970821648105
203,17.205579721751285,-1.354855283159985,26.637892941820358
204,16.768654350074016,-1.3611873726047117,26.447861113938995
205,17.068964189827526,-1.358492349373833,26.57061123525644
206,17.34568366586297,-1.3485413319603916,26.71956862909854
207,16.741887268097933,-1.3561369116314976,26.460931417047167
208,16.9195575353451,-1.3542094639014985,26.535316196802377
209,17.302048318636565,-1.346483089090082,26.713196068458497
210,17.614521076227888,-1.3484729249281244,26.819577051374594
211,17.599238512288018,-1.3468651787965484,26.821700029778277
212,17.19703636026452,-1.3533754138776457,26.641679694574833
213,16.952686096638004,-1.3521584440556866,26.55704223829673
214,17.715395903203465,-1.3438455369836682,26.87959898038109
215,16.929912009543294,-1.3563242086067149,26.529393111908593
216,16.930140404079154,-1.3558199388377252,26.53179859039176
217,16.5770763951299,-1.3633912626148028,26.367646437154782
218,17.386482380889426,-1.346654241970091,26.743729065775618
219,17.07445202744239,-1.3531232313323356,26.597566969550424
220,17.455021923260055,-1.345630891956441,26.774105852341258
221,16.940949118783962,-1.3516061430852417,26.555261947261748
222,17.439408091042587,-1.3481985740794489,26.75596281030484
223,17.104161177782018,-1.353448446823399,26.60702628908895
224,17.175872430049154,-1.350590337338681,26.646946061907386
225,17.574194000742857,-1.3436962490956663,26.827788945906182
226,17.573653251934147,-1.3441579895551916,26.82534137309317
227,17.043845225077824,-1.351646594517752,26.59313763566896
228,16.901628088592688,-1.362613166827126,26.490209590496637
229,16.732710339786202,-1.3608405476926428,26.436224399198366
230,16.905652721967137,-1.356502532079265,26.51963081642507
231,16.877161219369334,-1.3540195842461795,26.520536517473886
232,16.606075092757223,-1.3609725530642685,26.38910428393931
233,16.941250365431408,-1.3612812831911727,26.510830876342567
234,16.666335824621548,-1.361966430628323,26.406774988093016
235,17.061540257780727,-1.3565182484894711,26.57701731581242
236,17.202496793468256,-1.34885448557674,26.66499831451077
237,17.583287852077774,-1.342036590209406,26.839264236043135
238,17.10858609065388,-1.3518107838078457,26.616317835958412
239,17.46751742429285,-1.3540826385776334,26.73823750859224
240,17.25183605662668,-1.3527597893387728,26.664825821153116
241,17.19779002130931,-1.3527676885937066,26.644812490150187
242,17.150719637672744,-1.3507903610833676,26.636694080321732
243,16.93310500376974,-1.3630650475095365,26.499699916019193
244,17.151172097068013,-1.348699493136766,26.646703648341905
245,17.641538302926776,-1.3440062335900738,26.851334229972462
246,17.185554222826923,-1.3566792888036066,26.621975799949418
247,16.765871152381614,-1.357870108489739,26.461884043926347
248,17.152487432441248,-1.3526239049381736,26.628741998820388
249,17.351174019586267,-1.3477901630996465,26.72518979440956
250,17.42623356970332,-1.3497869148194415,26.74347185716662
251,17.496927040599516,-1.3457117616274665,26.789285962711666
252,17.237991486484106,-1.3505318394302623,26.670219482970317
253,16.971837201329272,-1.353460921112517,26.558084491873622
254,17.71328730945683,-1.348648183362661,26.85534505557565
255,17.45195837766586,-1.3575817807846677,26.715882466001514
256,17.2889938299649,-1.3469134558044713,26.706297103284108
257,17.477881988645343,-1.344001415247587,26.7904737775731
258,16.46602429619699,-1.3651598619257372,26.31909681838618
259,16.956278895039887,-1.3594262913897799,26.524849306625207
260,16.99243979876873,-1.356571359066205,26.551302319634093
261,17.11909437175072,-1.356464249591105,26.59848241613643
262,17.285938324891163,-1.3463905589639662,26.70765495731888
263,17.073401702269372,-1.3576760837185713,26.576022538749374
264,17.348871135333944,-1.348301570687286,26.721894299989778
265,17.150220415604124,-1.3496318604492767,26.64195849098351
266,17.863235481393588,-1.3428578452687132,26.939493606080898
267,16.678413624823733,-1.3615899407472147,26.41290197731303
268,16.47389235985917,-1.3645010488069085,26.324891760732363
269,17.64654299022709,-1.3436083380813786,26.855140211506562
270,16.6026408745658,-1.3605731948126634,26.38963295853066
271,17.36631815780933,-1.3545584105421247,26.698616968136715
272,17.640379832767728,-1.351636670908186,26.813855138448126
273,17.325027677611978,-1.3485250368955475,26.711987608515045
274,17.202437573462994,-1.3515860779979514,26.652088909866077
275,17.615851749395922,-1.3481250649393948,26.82175586198421
276,16.941534026007567,-1.3528866089104659,26.54954662220054
277,17.540609195561956,-1.3507767563959554,26.781078521378902
278,17.112296571016316,-1.354852185640894,26.603481876279297
279,17.120651814941112,-1.346430531843085,26.646084862599114
280,16.91888705714178,-1.358645505848454,26.514672622996414
281,17.47567206782051,-1.3425716995633525,26.796574986402014
282,17.031091921563103,-1.3519153641136867,26.587167437620945
283,17.476239250791473,-1.348978504745988,26.765874936644394
284,17.30719699522505,-1.3524694762291078,26.686661183110687
285,16.660315698038275,-1.3616953761560628,26.40578238633921
286,17.232612647262137,-1.3509285981047254,26.66635436045061
287,17.269663825604113,-1.3537026130218601,26.66696952518445
288,17.176617115370327,-1.352182385932113,26.63973479877905
289,17.22963688203002,-1.3570157661127258,26.63664783939534
290,16.686318000771116,-1.357155624260848,26.435825395016188
291,16.696154743183648,-1.3621627863372439,26.416838440442046
292,16.89632071583138,-1.3587801590263977,26.505751700460962
293,17.491466548454227,-1.3502294952736715,26.76551222379802
294,16.97790449823048,-1.3558055511796505,26.549479500819718
295,16.872405358118534,-1.3629692911291134,26.47786887322408
296,17.270304099164726,-1.3478639501348075,26.694838125917958
297,17.4130740974393,-1.3480769803305312,26.746778936766116
298,16.90347344401875,-1.3591561840222122,26.50666288638281
299,17.40472725764939,-1.3439198419899379,26.763651522068223
300,17.072685282190932,-1.354407038706663,26.5909343505461
301,16.979465445648337,-1.3600664571729908,26.53043789012245
302,17.236380993331352,-1.3503910975589957,26.67028832064697
303,17.28151434141003,-1.3474397681873027,26.701014774676935
304,17.363832495091707,-1.3465860774415601,26.73564572726249
305,16.841700820726068,-1.356707527641296,26.495120487804442
306,17.728460054460136,-1.344921573992842,26.87918229124594
307,17.354696161797676,-1.3535310627630164,26.699189274705603
308,16.85129476291008,-1.3577858901187998,26.493723920457132
309,17.03565043921212,-1.3510994890676464,26.59265804276024
310,17.032544995317174,-1.354656780146703,26.574956743055616
311,17.422697826185043,-1.3520246113663594,26.73148050402239
312,17.25425592786364,-1.3571108006914256,26.645273671291132
313,17.428492575963183,-1.3495489509352812,26.74544703762104
314,17.364528915015278,-1.3529004176511954,26.7058116227203
315,17.103467260035792,-1.3585222151277376,26.58317187557971
316,17.86287809113643,-1.3436802082661652,26.935289929590787
317,17.954503088489176,-1.340552959994337,26.984970406415815
318,16.75225728745285,-1.361622301382213,26.439872477885576
319,17.0534980890325,-1.3561411461309891,26.57580092961588
320,17.24127957537545,-1.3495414102080607,26.676121407488964
321,17.105886194191214,-1.353518990310043,26.607334199570282
322,16.729988901567587,-1.3609578069867787,26.4346948725172
323,17.114221509959535,-1.3580142186792923,26.5894861698402
324,17.18678863041064,-1.3497638175463642,26.654883490039797
325,17.839273186177813,-1.343519011607535,26.92730271199846
326,17.188459154573636,-1.3525173821983563,26.6425394282482
327,16.961114636880836,-1.3572911311329579,26.536441454425223
328,17.564037705822614,-1.3512615185059262,26.787418373661943
329,17.161622893345204,-1.3508249301481632,26.6405673946276
330,17.27285723938226,-1.3506489040148395,26.682573380978088
331,16.98302377398978,-1.355854666219102,26.5511405338814
332,17.25012329834174,-1.3481239901354822,26.686117593788566
333,17.319438002689374,-1.3512439029006496,26.69699401336232
334,17.28224561370009,-1.3487780272545224,26.694923151316384
335,17.180207021104025,-1.3523273178025015,26.64038140735272
336,17.03239817140379,-1.3505838843821465,26.59386080149819
337,17.524098875789356,-1.3432182503030337,26.811468671065448
338,17.337485928946684,-1.3530218394066118,26.695242155865373
339,17.25049375242282,-1.3525703330043983,26.665222785758854
340,17.375405811075083,-1.3509462652196298,26.719120263719972
341,16.921258152874344,-1.3536774714732882,26.538399411393375
342,16.919665523233192,-1.3553476317517337,26.530110028618417
343,17.005772219951403,-1.3547948973593753,26.564435088250995
344,17.609237246646558,-1.3466774571412916,26.826323133286746
345,16.865613354777253,-1.3588689341896378,26.494046644813157
346,17.52579111897218,-1.3465010543144018,26.796193385819528
347,16.88645298382017,-1.3553127838568546,26.518017797440045
348,17.169058908193264,-1.3559339464836464,26.6193747182114
349,16.891751766517643,-1.353529667906086,26.528182121449674
350,17.27436774936318,-1.3502417400061244,26.685060917820024
351,16.926961967445585,-1.3561422701687542,26.52914275105867
352,17.24488986670285,-1.3511935163297517,26.669646964218202
353,16.896301096428438,-1.3544507533958736,26.52561812498811
354,16.83075289125808,-1.3532470866696684,26.506947151017513
355,17.494339108809704,-1.3488540326292329,26.773182033767135
356,17.050542554739494,-1.3507922082466068,26.59960453561234
357,16.962757411929772,-1.3565321004721609,26.540543033915853
358,16.57613784552254,-1.3652968315787426,26.358817658732253
359,17.349928074766275,-1.3497266703208712,26.71549296392223
360,17.155775445889745,-1.3527251458789769,26.629482795014827
361,17.26989683336796,-1.3472586200521617,26.69756547307312
362,16.87086101357871,-1.3551551391408427,26.51298966329482
363,17.504761115978916,-1.344445734303572,26.7983212646819
364,17.014015999255683,-1.3550727482886913,26.566190018067434
365,17.31003214049472,-1.353087237115263,26.684787623687075
366,17.518691448641796,-1.3435247673254898,26.80796804475737
367,16.798987345704816,-1.3603398609452375,26.46284766598832
368,17.1456033892039,-1.3571881452843648,26.6048828473289
369,17.375780221805947,-1.3469390871885176,26.738391125937355
370,17.244924639262003,-1.3521056717313114,26.665354843498054
371,17.90982462130794,-1.3463553467155513,26.939517362113797
372,16.971524440067853,-1.3548601423957756,26.551493990825307
373,17.382866455374298,-1.3497029961704872,26.727807783452327
374,17.229603185816437,-1.3482396298138655,26.677958881888284
375,16.837330060324298,-1.3580993403608925,26.4871504357018
376,17.153456910412025,-1.3537349301271426,26.62389639714506
377,17.34219324661006,-1.3473073097347523,26.724163815477862
378,17.29560599206443,-1.3498947866723698,26.694571660172116
379,17.326617260358162,-1.346652826099695,26.72150847586262
380,17.270917506709807,-1.3509135638653342,26.68060273247773
381,17.390302868352066,-1.3513465758369847,26.722727184436877
382,16.922102605633683,-1.3597938481935437,26.510596827355947
383,17.116414899724774,-1.3520836837654109,26.61793569932336
384,17.628403992594052,-1.343119665801341,26.850776890452217
385,16.815390019332327,-1.3572628153727537,26.482888533900017
386,17.187038504594447,-1.3527582375357259,26.640882976087838
387,16.838778607522165,-1.3617031350145812,26.471276830546085
388,16.674057421316434,-1.3596863959117584,26.419874443342113
389,17.10781717900312,-1.3591070605279016,26.58206337436228
390,17.273778497945273,-1.3530585720932429,26.67152621285984
391,17.13404450792789,-1.3546753494398338,26.612333238769523
392,16.646124913726567,-1.3574764768023027,26.419568026664344
393,17.989460589454815,-1.3490486903798296,26.95575395133168
394,16.981781533447098,-1.3602632260933873,26.53038627045697
395,17.076232000142973,-1.3510797455122496,26.607768365541595
396,17.8380860132499,-1.3386859021565725,26.950828377760377
397,16.92285549659985,-1.3565866758871383,26.525584773452753
398,16.87277560337391,-1.358551108503221,26.498134435379924
399,17.465543578752218,-1.3487927600524738,26.762802070629284
400,16.960612679879134,-1.3507100366195735,26.566698637649772
401,16.851925667002476,-1.3589620132129774,26.48858551391998
402,17.32998229883156,-1.348419107878005,26.714329437042544
403,17.351499883400585,-1.3495264243139333,26.717029003181338
404,16.994412491399864,-1.3520051518270773,26.57318429810109
405,17.249303339960406,-1.3476488110252003,26.688069240002655
406,17.065065234078496,-1.3578117595692873,26.572324436123743
407,16.86779612885376,-1.3589224236504895,26.494605502754922
408,16.99095675319775,-1.3600774723121196,26.534611840348866
409,17.13943036342276,-1.3517432505808902,26.628043056969588
410,17.439062920184952,-1.3463487760156276,26.764720792643516
411,16.67761964097304,-1.3582156425593102,26.427825430179986
412,17.085390015368944,-1.3545478392888732,26.59496887097589
413,16.85041148032981,-1.3553775817501084,26.504424223903374
414,16.901721210815154,-1.3587471916115401,26.507889862048675
415,17.347154102611064,-1.348841082252335,26.718684493396054
416,17.263879237392842,-1.3533897481211712,26.666307018381236
417,17.793509387964065,-1.3503492344009977,26.87677665767651
418,17.370783918302337,-1.3511140098353964,26.71661145756939
419,16.639551410987522,-1.3572010687787186,26.418390493799347
420,17.285430128276765,-1.351189520448214,26.68466752914767
421,17.08913606897793,-1.352581723582884,26.605521048524984
422,18.101400214207516,-1.345492309887221,27.014975280239977
423,16.402734694985654,-1.3658321061623564,26.29295965704155
424,16.483299651009837,-1.36266229737985,26.336489242605257
425,17.5816353298433,-1.3435374416663777,26.83133122544404
426,16.901644784056572,-1.3571646571441702,26.51511412474244
427,17.212388286317363,-1.349766023286266,26.664356083577303
428,17.019435344735328,-1.3522545554154544,26.581277413430684
429,16.63559551454567,-1.360160992343351,26.40359623769212
430,16.540649711708525,-1.3629522125469462,26.356241634581146
431,16.637027880560055,-1.3613315013023959,26.398864227205365
432,18.185457673004635,-1.341304641907862,27.067310776423746
433,17.127970062919495,-1.3529255877500068,26.618267298986865
434,16.940915048834498,-1.3554078685712794,26.53767142456073
435,17.187357211228566,-1.3563025213902549,26.624399904945427
436,17.176634539926035,-1.356204516293336,26.620904587858146
437,17.128008643302486,-1.351558040838814,26.62468642977623
438,17.1166145613076,-1.3551813172446305,26.603541253352553
439,17.655196047873268,-1.3425406318773971,26.86358538829991
440,17.207772517709543,-1.35566521884384,26.63490815617112
441,17.019385336758006,-1.35521415695331,26.567515948453405
442,16.96814593582517,-1.3555900644446996,26.546875410891165
443,17.009660149119696,-1.3564611490121976,26.55815870608161
444,17.39469131532927,-1.3535891456338653,26.713687923378284
445,17.339388958314828,-1.346729207377125,26.725885355552325
446,17.286292550522262,-1.3542330627943775,26.670610548843054
447,17.047366638365162,-1.3514152499496062,26.5955198038039
448,17.188008870042246,-1.348598092906773,26.660839165032844
449,17.20184762089012,-1.3539407219173683,26.64080373996782
450,17.153867647146967,-1.3520847432301633,26.631780739562767
451,17.391651075094202,-1.3506133411183585,26.726719484969436
452,17.442904698580442,-1.3457888236178714,26.768842821832912
453,17.29029430412745,-1.351830659491342,26.683432997364722
454,16.86939143457296,-1.3556555161976496,26.510150088520334
455,17.350357461830292,-1.3493250983405867,26.717564871722477
456,17.295992884277013,-1.3500408348728827,26.694021914242427
457,16.78200842911606,-1.3569829959904585,26.471865973496335
458,16.899018727940238,-1.354547287857164,26.52617676098587
459,16.776877347358088,-1.355134132924828,26.47840926668603
460,16.65290185005226,-1.361397923476603,26.404396119937683
461,16.753230876915154,-1.358640252905702,26.45373273613726
462,17.114252145070523,-1.3547880630828386,26.604502503172604
463,17.459444571393668,-1.3488507110700212,26.76026308831227
464,17.297663072792226,-1.3513704811198881,26.688337122338126
465,17.280787379258378,-1.352271214730183,26.6778343607509
466,17.376510226109644,-1.3498076638747527,26.724953951733337
467,17.603452035873225,-1.343996477698231,26.83721283492768
468,17.03229445397352,-1.3604011405239307,26.54831891158233
469,17.41400231537797,-1.3547268723212262,26.715419014782
470,16.91128014624448,-1.3553682508611944,26.5269216779891
471,18.176779572956036,-1.3476856420431877,27.03199395934495
472,16.38159217622632,-1.3632774646677328,26.29645748702807
473,17.30289184480683,-1.352408686415223,26.685357124967318
474,17.305381799519978,-1.3468255867015966,26.71279974860128
475,17.575598574247472,-1.3497563821393213,26.798948235861975
476,17.352289733253855,-1.3489230585356635,26.72019731183522
477,17.288753876271556,-1.3490371771645773,26.696104626168054
478,16.50950501596686,-1.3649723696643887,26.3358525341459
479,17.036866709984153,-1.3534643083319935,26.582092156475838
480,16.8553868586011,-1.3558728704078327,26.503988275613402
481,17.14187903677054,-1.3516919215575243,26.62918958293425
482,17.642673174031316,-1.3500677997787909,26.82228763172083
483,17.180343084380937,-1.3521706638943574,26.641167632965455
484,17.720380241389073,-1.3411631351681939,26.894640179577998
485,17.79194922689286,-1.3487562297363231,26.8839798908704
486,17.85222344015525,-1.3445145634120426,26.92720278617653
487,17.55432767669887,-1.3440874193572823,26.818495488930978
488,16.656146017707698,-1.3579985561771872,26.42090053134772
489,17.226308897552038,-1.3564115211450014,26.638249100932875
490,17.191035051067686,-1.3512927325542794,26.6492512786185
491,17.166906429723632,-1.3520054877226793,26.63697461469189
492,17.055183535121905,-1.3558650126909306,26.577702973244477
493,17.13643389415541,-1.349977917654492,26.635223571440683
494,17.75936091499969,-1.3466878839277756,26.88201061991297
495,17.038324051483478,-1.3521124321777274,26.58892376926271
496,17.121979860830173,-1.3516956092362395,26.621811463856496
497,17.226153458093798,-1.3503285048580853,26.66679709518666
498,17.13734085952524,-1.355146921869074,26.61134879384477
499,17.25586094849531,-1.348984335753645,26.684163889999837
500,16.38678994506933,-1.364184586741394,26.294367407142403
