species,niche_volume,dist_centroide_media,dist_centroide_sd,n,tri_media,bio1_rugosidad_media,bio12_rugosidad_media,elev_mediana,elev_rango_robusto
Anoura caudifer,108842996.4554743,4.973822507214213,6.756212938505677,124,31.808971774193548,0.4249393630232061,48.42975089242381,685.75,1383.8249999999998
Anoura cultrata,189699084.14712736,5.528524405599676,7.936036152901066,35,51.40892857142857,0.7111285175595965,78.63427530016217,1118,2075.6749999999997
Anoura peruana,276709986.3587004,4.940034286932526,6.247352283619197,100,43.683125,0.6775867576152086,50.82130795955658,1523.25,3276.7499999999995
Artibeus aztecus,58633599.10347794,4.674916484250151,5.144236723258852,127,42.22490157480315,0.7027887190420796,26.44611588800986,1770.5,2164.375
Artibeus lituratus,222114718.54045016,5.569666843371495,10.662978215186563,1293,20.047853828306266,0.29919774004899985,30.014244746903717,270,2042.050000000001
Artibeus phaeotis,90835168.33811101,8.679690056420949,31.066038815846227,440,15.673721590909091,0.2132645186036825,26.95271664417603,106.75,1090.225
Artibeus planirostris,133181402.52998924,4.9845379515433,7.810897525500227,388,14.77013530927835,0.2155493939218601,29.050515571820366,236.75,1571.0749999999996
Artibeus watsoni,78456985.08434725,5.037247481066752,5.613424749903283,57,18.905701754385966,0.25855566149479464,49.45347912688004,178,1168.4
Balantiopteryx plicata,15086158.718760263,8.840494464368032,27.838825374193938,142,22.004841549295776,0.2868830406859719,17.958317333142762,348.25,1316.0375
Carollia brevicauda,190936985.5843651,4.835344821454283,6.415547240439569,550,24.75659090909091,0.3604155761613087,47.48349278601733,353.75,2111.55
Carollia perspicillata,225426817.06188613,5.269623491737284,8.590056793287642,1077,19.794858402971215,0.2812295695879222,36.29266225403398,255,2080.2499999999964
Chiroderma villosum,105284624.05866654,5.053442528801079,7.3792232364811445,181,12.124654696132596,0.15853610719188801,27.1846351150979,155,860.25
Cynomops planirostris,54560837.44942508,6.236010722982932,10.405285354456304,48,6.296875,0.08892683731392026,21.533792318155367,136,781.9624999999999
Dasypterus ega,53762722.353164494,4.702158324655549,5.710978769237647,98,8.272321428571429,0.13170172224695584,11.482034415614848,118.5,1539.6000000000004
Desmodus rotundus,262809139.93322378,5.741997337071534,12.550371264235537,980,23.098341836734694,0.3498171067777641,30.13792176480804,445.25,2522.1124999999993
Diclidurus albus,19781695.980311837,4.28231852856739,2.966576841482802,16,6.29296875,0.08319458435289562,12.753569230437279,40.5,148.9375
Diphylla ecaudata,113482132.99614984,8.348231788051349,26.60131618543431,99,27.349747474747474,0.40361502175411745,28.58619123545467,405.5,1720.125
Enchisthenes hartii,361489026.0185346,5.164917250472971,7.3617359253163315,129,45.56298449612403,0.7152630368521972,56.071079811846566,1361.5,2524.7999999999997
Eptesicus brasiliensis,475935362.51425487,5.232959308114289,7.4975413521518695,83,28.822289156626507,0.42763665040214377,47.105101702443086,772,2810.7500000000005
Eptesicus furinalis,97566440.36270192,5.028333681726813,5.524212939852301,143,15.526660839160838,0.23322724149777338,24.874677027022088,169,1579.8999999999996
Eumops auripendulus,60959505.680380784,8.49234179966523,16.38043498395459,25,9.4175,0.12289478465914726,23.16047529220581,229.5,1108.2999999999993
Eumops glaucinus,17386088.773611385,5.951788957281418,11.23884405191722,25,4.4175,0.06439149513840675,22.345017557144168,147,548.1999999999998
Glossophaga commissarisi,135103433.02842858,5.032729079503601,6.462977283868722,199,23.438756281407034,0.37181759159544003,36.69950103040916,326,1592.5499999999986
Glossophaga leachii,108243840.38234767,4.460960683306618,3.9074775411869256,87,27.44324712643678,0.4303677037957756,30.846603289417835,558.5,1916.0749999999994
Glossophaga mutica,95302349.51447427,4.777284347276147,6.174583137797203,524,19.66781965648855,0.296061618729914,22.52526455383947,262.75,1867.1250000000002
Lasiurus blossevillii,125915076.7434889,6.677438420801859,15.460862637710315,36,24.802083333333332,0.3881302017511593,33.54982713858286,893.25,1374.375
Micronycteris megalotis,235969915.82648394,5.930862024545162,10.729187903885277,167,22.961077844311376,0.3235172605264687,39.42774432576345,286.5,2329.849999999998
Molossops temminckii,31814427.573126677,5.402510490117623,8.66750813996735,105,4.820833333333334,0.0699830188637688,11.732963833922431,149,769.4
Molossus molossus,149399325.1511369,5.690681473965717,10.5922121843165,420,11.824404761904763,0.16329736823127383,25.508039934933187,149,1120.8499999999997
Molossus rufus,103610656.70293696,4.903289302793257,5.3499246696509575,192,12.2763671875,0.15765519929118454,23.4211204983294,108.5,1161.2499999999998
Myotis albescens,132488979.80894028,5.336057162166327,9.862644924371736,135,11.681944444444444,0.1421230445029559,23.449594476708658,196.5,1167.6000000000004
Myotis nigricans,227112616.6803605,5.714001124521669,10.69071239312171,411,17.326338199513383,0.24828597770011337,33.685672684670074,234,2120
Myotis oxyotus,180987883.3903097,4.6258431852572075,4.453654077565024,25,57.4825,0.7792427241802216,62.56601058959961,2239,1414.7999999999997
Myotis riparius,216364161.45340207,5.43052684940215,10.30209977745904,155,20.898790322580645,0.31096016872794396,40.054450148151766,294.5,1598.3500000000006
Noctilio albiventris,67745479.8948917,5.31164326921802,8.439287575147327,135,4.772222222222222,0.0649483325028861,22.365008683116347,113,813.0000000000003
Noctilio leporinus,54575211.091908246,4.6365116685517425,4.408131335503807,176,8.154119318181818,0.1132737134413963,21.310601438311014,79.5,404.875
Nyctinomops laticaudatus,49306394.47832042,5.432292734074297,7.530560934767727,56,13.245535714285714,0.20055664264197862,16.915281698639905,179,1255.6875
Peropteryx macrotis,74049072.46538515,8.460973723735165,23.23279901663042,88,12.040482954545455,0.1444385426372967,21.765993007882074,143.5,844.8374999999999
Platyrrhinus helleri,307313827.1687444,4.758403475777262,5.0832229082477545,201,26.29570895522388,0.3623845242519877,46.6585536106902,278.5,1391.5
Platyrrhinus lineatus,7873855.704294494,4.735340331463405,5.7086492408125205,64,16.59765625,0.1701908863033168,14.937898514792323,276.75,648.0500000000001
Promops centralis,99602870.93916419,4.7521974307369845,5.1867056878729665,24,7.799479166666667,0.10495985842620333,19.271046554048855,156.75,1411.9250000000002
Pteronotus davyi,24957397.121225942,7.4697945851740295,16.297237668871,19,22.31907894736842,0.23289110060585172,33.03964988808883,86,425.4500000000001
Pteronotus gymnonotus,37282929.216155544,5.1936434932118205,6.081139912460396,31,17.824596774193548,0.2150105239162522,41.11776315877515,111,820
Rhogeessa io,58774610.93344537,6.712864372167772,11.963634884943064,49,18.53188775510204,0.25509154644547677,34.458436897822786,143.5,1037.7999999999993
Rhynchonycteris naso,61697424.90371526,4.5832632879356,4.2454439710950735,167,8.95247005988024,0.13073500756642775,29.787893224619104,113,621.2999999999996
Saccopteryx bilineata,70319229.11402749,5.012168223576895,7.531496396072021,251,11.413844621513944,0.1518905999888462,28.677155840919312,97,686.375
Sturnira erythromos,233806939.9663366,4.955339686407544,6.691266181362375,151,56.65066225165563,0.8057787885630368,61.34341631504084,2209,2315.375
Sturnira hondurensis,105247091.75501643,4.2062161924781005,3.0621687697096034,270,38.60439814814815,0.6358160901538752,34.44728168999707,1368,2601.7499999999995
Sturnira lilium,12045385.964829436,4.983746914716494,6.620640320584752,152,12.62952302631579,0.13842197887501434,16.912535369200143,217.5,1098.7999999999997
Sturnira parvidens,89179389.40737018,4.359301282920453,3.533841070200976,561,21.74688057040998,0.3496989880799716,23.818531337375095,427,1828
Trachops cirrhosus,32490158.908049423,6.018369898235631,15.051775760902897,183,11.658811475409836,0.1438533888692087,26.283677617708843,136,457.3499999999999
Uroderma bilobatum,56598016.19135082,4.908913412171869,5.675261773038402,212,12.242040094339623,0.1816440588566211,28.524800067802644,232,1251.85
Uroderma magnirostrum,44272170.047964096,5.828396845848478,11.646162003216887,112,6.873325892857143,0.10152611006716532,21.708149890016234,181.5,856.2499999999994
