modelo,termino,estimate_principal,se_principal,pct_sig_principal,lambda_principal,estimate_n30,se_n30,pct_sig_n30,lambda_n30,estimate_focales16,se_focales16,pct_sig_focales16,lambda_focales16,estimate_outliers,se_outliers,pct_sig_outliers,lambda_outliers,estimate_rango,se_rango,pct_sig_rango,lambda_rango
elev_rango_robusto,bio12_rugosidad_media,8.873591307689178,8.251463849062365,0,0.15401726162167984,5.136218212382236,7.977000393014544,0,0.21208507545346056,40.38676696048421,13.190148110395718,100,1,8.809474375972357,8.239935542915713,0,0.15549832827205556,NA,NA,NA,NA
elev_rango_robusto,elev_mediana,0.8904877167170813,0.4015083531532864,100,0.15401726162167984,0.6287400458836476,0.39393252347067453,0,0.21208507545346056,1.265776039898193,0.7139399564882543,0,1,0.8856629522353474,0.40003430443077775,100,0.15549832827205556,NA,NA,NA,NA
elev_rango_robusto,log_n,229.05250673792307,60.66889995124386,100,0.15401726162167984,258.97918048785164,66.75389794628188,100,0.21208507545346056,437.63749488129577,121.57981797939308,100,1,228.8532145442448,60.72061643734238,100,0.15549832827205556,NA,NA,NA,NA
elev_rango_robusto,tri_c,17.697905535877368,17.100244468948347,0,0.15401726162167984,32.18964791792551,17.28768373677835,0,0.21208507545346056,27.71610952722766,40.39758872592618,0,1,17.904645459175747,17.03350238621585,0,0.15549832827205556,NA,NA,NA,NA
elev_rango_robusto,tri_c2,-1.29741903387594,0.3993501068214668,100,0.15401726162167984,-0.9676016998591797,0.3935969676330655,100,0.21208507545346056,-2.756777639066201,0.3500267290119624,100,1,-1.2957130208880567,0.3993524493300982,100,0.15549832827205556,NA,NA,NA,NA
log_dist_media,bio12_rugosidad_media,-1.312839070204061e-4,0.00317732404668506,0,1e-6,-0.00141392008686267,0.00286631053231669,0,1e-6,0.00390749108256821,0.00622001276100754,0,1e-6,-4.284232331774364e-4,0.00321026906157324,0,1e-6,NA,NA,NA,NA
log_dist_media,log_n,-0.01829261316437058,0.02463931080976962,0,1e-6,-0.01232236999790536,0.02785991771215434,0,1e-6,-0.00552464116310513,0.05174514241241137,0,1e-6,-0.02680228974172971,0.02487488974331709,0,1e-6,NA,NA,NA,NA
log_dist_media,tri_c,-0.00173234824343646,0.00336834463721953,0,1e-6,-3.845658587874404e-5,0.00317187173115336,0,1e-6,-0.00611350711886407,0.00518686285149876,0,1e-6,-0.00184784230909035,0.00340298877304442,0,1e-6,NA,NA,NA,NA
log_dist_sd,bio12_rugosidad_media,0.00151419197660096,0.00917939725757042,0,1e-6,-0.00202961338750069,0.00903141451570442,0,1e-6,0.01981757234918579,0.02016756807206103,0,1e-6,0.00160040381305612,0.00934147275868328,0,1e-6,NA,NA,NA,NA
log_dist_sd,log_n,0.05154143576469305,0.0711838072191191,0,1e-6,0.0314852937649297,0.08778339348560855,0,1e-6,0.05961307097860136,0.1677767752345742,0,1e-6,0.01037142104464905,0.07238275080789634,0,1e-6,NA,NA,NA,NA
log_dist_sd,tri_c,-0.00650206771001515,0.00973126223468654,0,1e-6,-0.00308916530250203,0.00999420267806234,0,1e-6,-0.02493510864330603,0.01681771625601245,0,1e-6,-0.00798182264101634,0.00990226249452178,0,1e-6,NA,NA,NA,NA
log_niche_volume,bio12_rugosidad_media,0.04610216657840728,0.00982998870223277,100,0.2346797307399186,0.04997732730554008,0.00876364549502238,100,0.5103766792462558,0.04822649312690043,0.00945045808067208,100,1,0.04571523181420033,0.00907048532685747,100,0.3343263753230409,NA,NA,NA,NA
log_niche_volume,log_n,0.4575093652532054,0.08419334991345634,100,0.2346797307399186,0.5386249542378287,0.09287905506272524,100,0.5103766792462558,0.5128416896232046,0.17716754122357117,100,1,0.46212872544333017,0.07911496721378049,100,0.3343263753230409,NA,NA,NA,NA
log_niche_volume,tri_c,8.246726288563266e-4,0.01061348457509191,0,0.2346797307399186,0.00543690687982145,0.01012677484646726,0,0.5103766792462558,-0.00338856741162218,0.011325420567536,0,1,0.00221642104473705,0.00981494055184289,0,0.3343263753230409,NA,NA,NA,NA
