modelo,termino,n_arboles,estimate_mediana,estimate_p2_5,estimate_p97_5,se_mediana,p_mediana,pct_significativos,lambda_mediana,r2_mediano
elev_rango_robusto,bio12_rugosidad_media,500,9.315035454795751,9.126338064751042,9.515321251536951,7.991148051724624,0.24957026882944144,0,0.13843990472242335,0.6537475176790137
elev_rango_robusto,elev_mediana,500,0.8998526778789542,0.8851632922995352,0.9146977590121155,0.38222730470438204,0.022818023024698597,100,0.13843990472242335,0.6537475176790137
elev_rango_robusto,log_n,500,221.5285621795456,219.11254542390887,224.16286952061492,59.60311720439509,5.399719666764335e-4,100,0.13843990472242335,0.6537475176790137
elev_rango_robusto,tri_c,500,17.225290633358917,16.651015027822258,17.87881354469944,16.433100088149494,0.2999298330550445,0,0.13843990472242335,0.6537475176790137
elev_rango_robusto,tri_c2,500,-1.3295127017014834,-1.3395174082852996,-1.3198398890952108,0.3918795028454245,0.0014127891133224324,100,0.13843990472242335,0.6537475176790137
log_dist_media,bio12_rugosidad_media,500,2.483446377797051e-4,2.4834420502585215e-4,2.483449999827336e-4,0.002741254552628771,0.9281835362829168,0,1e-6,0.012640474759712146
log_dist_media,log_n,500,0.007490163553748097,0.007490158472289288,0.007490167983830953,0.021095887259908325,0.7240734416768776,0,1e-6,0.012640474759712146
log_dist_media,tri_c,500,-0.0014262946315066888,-0.0014262951692157336,-0.0014262941077225776,0.002911158618551411,0.626362500958008,0,1e-6,0.012640474759712146
log_dist_sd,bio12_rugosidad_media,500,0.002086669559532999,0.0020866680690066666,0.002086670838436019,0.008800864309510402,0.8135690622134288,0,1e-6,0.05179208973431705
log_dist_sd,log_n,500,0.09716658268800327,0.09716656424014629,0.0971665992421257,0.06772885833244764,0.15774145846988596,0,1e-6,0.05179208973431705
log_dist_sd,tri_c,500,-0.00604783923623832,-0.006047841188826892,-0.006047837353180033,0.009346345434932879,0.5205997347144552,0,1e-6,0.05179208973431705
log_niche_volume,bio12_rugosidad_media,500,0.04657383945047944,0.04639560918523682,0.04673050702732062,0.009798111348911391,1.7898239145885952e-5,100,0.2576851833476336,0.5792672941450796
log_niche_volume,log_n,500,0.4167499456132653,0.4137206045877475,0.42009281234624307,0.08438205266600754,9.56512204763893e-6,100,0.2576851833476336,0.5792672941450796
log_niche_volume,tri_c,500,-8.172337776718441e-4,-0.0010031600641389644,-0.00059674441832969995,0.010658675951779616,0.9391789136897192,0,0.2576851833476336,0.5792672941450796
